Feature ID,kingdom,phylum,class,order,family,genus,species
4310942f7df8df7fa319095b9a00d1675169fb04,k__Fungi,,,,,,
aff62da957a0c0c959e64e77cff9f881f96e561c,k__Fungi,p__Ascomycota,c__Dothideomycetes,o__Capnodiales,f__Teratosphaeriaceae,,
cba08dde2d1d55aec8cb41624951eab3ef21bb09,k__Fungi,p__Ascomycota,c__Arthoniomycetes,o__Lichenostigmatales,f__Phaeococcomycetaceae,g__Phaeococcomyces,
183R4164P44708PP,k__Fungi,p__Ascomycota,c__Sordariomycetes,o__Hypocreales,f__Hypocreales_fam_Incertae_sedis,g__Acremonium,s__Acremonium_dichromosporum
43bb6b6afa36718272b0beb1a1ef7a73dacea91a,k__Fungi,,,,,,
SH004426.07FU_JX984791_reps_singleton,k__Fungi,p__Ascomycota,c__Sordariomycetes,o__Sordariales,,,
8f2efcb5d9b4f3780ee3582100ffe36af60868de,k__Fungi,,,,,,
a7dd6273043142d09f167c63de27010aed52fcdf,k__Fungi,,,,,,
b067dd29f16edb597c98578ea22f45d15abdfa7d,k__Fungi,,,,,,
SH490955.07FU_JX326008_reps_singleton,k__Fungi,p__Basidiomycota,c__Tremellomycetes,o__Filobasidiales,f__Piskurozymaceae,g__Solicoccozyma,s__Solicoccozyma_aeria
b1771cf1453df68d316ac0330effb368408fe27c,k__Fungi,,,,,,
336G6323Z10357QZ,k__Fungi,p__Ascomycota,c__Sordariomycetes,o__Xylariales,f__Diatrypaceae,g__Monosporascus,
795H1603U78493FC,k__Fungi,p__Ascomycota,c__Dothideomycetes,o__Pleosporales,f__Didymosphaeriaceae,,
SH116201.07FU_JQ993379_reps,k__Fungi,p__Basidiomycota,c__Tremellomycetes,o__Filobasidiales,f__Filobasidiaceae,g__Naganishia,s__Naganishia_randhawae
SH497006.07FU_KM104074_reps_singleton,k__Fungi,p__Basidiomycota,c__Tremellomycetes,o__Tremellales,f__Tremellaceae,g__Tremella,
164S4970B19319ZL,k__Fungi,p__Ascomycota,,,,,
335B6683M11694NZ,k__Fungi,p__Ascomycota,c__Dothideomycetes,o__Pleosporales,f__Pleosporaceae,g__Alternaria,
305N8528T50210OR,k__Fungi,p__Ascomycota,c__Dothideomycetes,o__Pleosporales,f__pleosporaceae,g__Neocamarosporium,
6adc46b7db6cb9884bb5d39928649c1ab16b1a55,k__Fungi,,,,,,
33bd2bb80b07fa4e049a2fd30802d05cf8587501,k__Fungi,p__Ascomycota,c__Dothideomycetes,o__Pleosporales,f__Sporormiaceae,,
245b67192757e6ffc3845bab6e6e7449cb7c5387,k__Fungi,,,,,,
2217fa10ec899ac907f0d8b9f041632848e0a195,k__Fungi,p__Ascomycota,c__Dothideomycetes,o__Pleosporales,f__Didymosphaeriaceae,,
136ef9c1241ddeef4b5d07949535018feac6c0bd,k__Fungi,p__Ascomycota,c__Dothideomycetes,o__Pleosporales,f__Pleosporaceae,g__Alternaria,
890C6141V36258ZT,k__Fungi,p__Basidiomycota,c__Agaricomycetes,o__Agaricales,f__Entolomataceae,g__Entoloma,s__Entoloma_vindobonense
e9a3977b2f844c82fda8046b4ad094bb49f65ebf,k__Fungi,,,,,,
540R4561S31741CV,k__Fungi,p__Basidiomycota,c__Tremellomycetes,o__Tremellales,,,
a6a8fe4e03b395dbb817b59d3ef81116e115a86d,k__Fungi,,,,,,
660X1886D89598YG,k__Fungi,p__Ascomycota,c__Dothideomycetes,o__Pleosporales,f__Pleosporaceae,g__Curvularia,
272G1706Y63871WP,k__Fungi,p__Ascomycota,c__Dothideomycetes,o__Pleosporales,f__Lentitheciaceae,g__Keissleriella,
SH468984.07FU_FN392298_reps_singleton,k__Fungi,p__Ascomycota,c__Sordariomycetes,o__Coniochaetales,f__Coniochaetaceae,g__Coniochaeta,
864H7867M24286CA,k__Fungi,p__Ascomycota,c__Sordariomycetes,o__Xylariales,f__Microdochiaceae,g__Microdochium,
SH084393.07FU_JN942962_reps,k__Fungi,p__Ascomycota,c__Dothideomycetes,o__Pleosporales,f__Lophiostomataceae,g__Lophiostoma,s__Lophiostoma_multiseptatum
SH107779.07FU_FR799468_reps,k__Fungi,p__Ascomycota,c__Dothideomycetes,o__Pleosporales,f__Pleosporaceae,g__Alternaria,s__alternaria_eureka
SH027346.07FU_KC965669_reps_singleton,k__Fungi,p__Ascomycota,c__Dothideomycetes,o__Capnodiales,,,
303A6056Z17361SU,k__Fungi,p__Ascomycota,c__Dothideomycetes,o__Pleosporales,f__Pleosporaceae,g__Alternaria,
868U4372S34830TI,k__Fungi,p__Ascomycota,c__Dothideomycetes,o__Pleosporales,f__Phaeosphaeriaceae,g__Neosetophoma,s__Neosetophoma_samararum
b98bb98aeb965acc25cf5b9aba2f966c3eea75f9,k__Fungi,p__Ascomycota,c__Sordariomycetes,o__Hypocreales,f__Nectriaceae,g__Fusarium,
d057873749b37563b953bd9e0c245e621079419d,k__Fungi,p__Ascomycota,c__Dothideomycetes,o__Botryosphaeriales,f__Planistromellaceae,g__Ramimonilia,s__Ramimonilia_apicalis
765Z1673N74327TS,k__Fungi,p__Ascomycota,c__Dothideomycetes,o__Pleosporales,f__Didymellaceae,g__Ascochyta,
4f7846f7114346de8783c71d9bcf5b9b6ecdab7e,k__Fungi,p__Basidiomycota,c__Tremellomycetes,o__Holtermanniales,f__Holtermanniales_fam_Incertae_sedis,g__Holtermanniella,s__Holtermanniella_takashimae
963W8146F77781UZ,k__Fungi,p__Ascomycota,c__Leotiomycetes,o__Helotiales,f__Hyaloscyphaceae,g__Cistella,
SH490455.07FU_KP114438_reps_singleton,k__Fungi,p__Basidiomycota,c__Tremellomycetes,o__Tremellales,,,
07cfa9f2b8ef6abe6f26d8612e3857a24ce287b2,k__Fungi,p__Ascomycota,c__Dothideomycetes,o__Pleosporales,f__Sporormiaceae,g__Sparticola,
7bf73ba5bec4476257c5d0b67fc4aa3d381c7ba9,k__Fungi,,,,,,
SH100032.07FU_JX982416_reps,k__Fungi,p__Ascomycota,c__Dothideomycetes,o__Pleosporales,f__Pleosporaceae,g__Pyrenophora,
442606221850d7e18db1380f6143c40bc878895f,k__Fungi,p__Ascomycota,c__Dothideomycetes,o__Pleosporales,f__Sporormiaceae,,
134G6727W81848OU,k__Fungi,p__Ascomycota,c__Sordariomycetes,o__Sordariales,,,
ddcb9a836bdcee7f52bd50d026d2cb441b5795cd,k__Fungi,p__Ascomycota,c__Dothideomycetes,o__Capnodiales,f__Penidiella,,
SH020546.07FU_JX042759_reps_singleton,k__Fungi,p__Basidiomycota,c__Tremellomycetes,o__Tremellales,f__Bulleraceae,g__Fonsecazyma,
1c116893933103b137495dd5ab0155d18f9f2037,k__Fungi,p__Ascomycota,,,,,
5ad88a73317a69ce86b1eda8c1609c4dc40b76d2,k__Fungi,,,,,,
706ebc4336e0103df60abef2911c47308a8fe3c2,k__Fungi,p__Ascomycota,c__Sordariomycetes,o__Sordariales,f__Chaetomiaceae,g__Chaetomium,
630a04257b1c3bf0b85c7223a0b406ceaf7db70f,k__Fungi,p__Ascomycota,,,,,
485H6202T87228AN,k__Fungi,p__Basidiomycota,c__Tremellomycetes,,,,
162df53ea1c698c37d7d2266de7f4b6e1d1235f4,k__Fungi,p__Ascomycota,c__Pezizomycetes,o__Pezizales,f__Ascobolaceae,g__Ascobolus,
8b244a4a195e6f84505f7e39470924aded81fb0f,k__Fungi,,,,,,
578W1638Y73171HK,k__Fungi,p__Ascomycota,c__Dothideomycetes,o__Pleosporales,f__Sporormiaceae,g__Preussia,
991U9599S76996FU,k__Fungi,p__Basidiomycota,c__Agaricomycetes,o__Agaricales,f__Tricholomataceae,g__Arrhenia,
177M4600H44436YR,k__Fungi,p__Ascomycota,c__Dothideomycetes,o__Pleosporales,f__Lentitheciaceae,g__Keissleriella,
459I2025Z37036GJ,k__Fungi,p__Basidiomycota,c__Tremellomycetes,o__Tremellales,f__Bulleribasidiaceae,g__Vishniacozyma,s__Vishniacozyma_globispora
a3acde6126411b6aa2bf15343d96f8e56b29d514,k__Fungi,,,,,,
288O5115E48615RA,k__Fungi,p__Basidiomycota,c__Tremellomycetes,o__Tremellales,f__Tremellaceae,g__Cryptococcus,
48faa8415bfe113362e25575df318440ff910110,k__Fungi,p__Ascomycota,c__Dothideomycetes,o__Pleosporales,f__Sporormiaceae,g__Preussia,
SH490860.07FU_UDB026604_reps_singleton,k__Fungi,p__Basidiomycota,c__Agaricomycetes,o__Auriculariales,,,
759Z1928A23239CS,k__Fungi,p__Ascomycota,c__Sordariomycetes,o__Coniochaetales,f__Coniochaetaceae,g__Coniochaeta,s__Coniochaeta_polymorpha
52faedaa13e1b1e745a293840bafd20e39c28075,k__Fungi,,,,,,
497J7789M51286WJ,k__Fungi,p__Ascomycota,c__Sordariomycetes,o__Xylariales,f__Diatrypaceae,g__Monosporascus,
SH088369.07FU_KF588372_reps,k__Fungi,p__Ascomycota,c__Leotiomycetes,o__Helotiales,f__Rutstroemiaceae,g__Rutstroemia,s__Rutstroemia_capillus_albis
SH125373.07FU_FJ415474_refs,k__Fungi,p__Ascomycota,c__Dothideomycetes,o__Capnodiales,f__Teratosphaeriaceae,g__Elasticomyces,s__Elasticomyces_elasticus
f53d4c20f732ce60191de1d7aa85a8cfb309afd2,k__Fungi,p__Ascomycota,c__Dothideomycetes,o__Pleosporales,f__Sporormiaceae,g__Preussia,
867M2185P90947UU,k__Fungi,p__Ascomycota,c__leotiomycetes,o__Helotiales,,,
014a40791b046d13c93b81d01f13f789047415cc,k__Fungi,p__Basidiomycota,c__Tremellomycetes,o__Filobasidiales,f__Filobasidiaceae,g__Filobasidium,s__Filobasidium_magnum
570Y3639A36475MJ,k__Fungi,p__Olpidiomycota,c__Olpidiomycetes,o__Olpidiales,f__Olpidiaceae,g__Olpidium,s__Olpidium_brassicae
26e74b8476f9dd9151bd0a58f7e8f1b5b842297a,k__Fungi,p__Ascomycota,c__Sordariomycetes,o__Xylariales,f__Xylariaceae,,
cf263b1b898e38832a7328d95a6406a0b1c24e66,k__Fungi,,,,,,
SH129886.07FU_HM148081_refs,k__Fungi,p__Ascomycota,c__Dothideomycetes,o__Capnodiales,f__Davidiellaceae,g__Cladosporium,
8be207044b66d05161f0a637c99895976b22b28a,k__Fungi,,,,,,
541Z7625E36495IG,k__Fungi,p__Basidiomycota,c__Tremellomycetes,o__Tremellales,f__Bulleribasidiaceae,g__Vishniacozyma,s__Vishniacozyma_globispora
100R9622I54150TZ,k__Fungi,p__Basidiomycota,c__Tremellomycetes,o__Tremellales,f__Bulleribasidiaceae,g__Dioszegia,
398R9108U45346LI,k__Fungi,p__Ascomycota,c__Dothideomycetes,o__Pleosporales,f__Lophiostomataceae,g__Lophiostoma,s__Lophiostoma_multiseptatum
2414db0fe511aa89f079e80f166bc9a2cebb20dc,k__Fungi,,,,,,
758R3717F19120XE,k__Fungi,p__Ascomycota,c__Sordariomycetes,o__Coniochaetales,f__Coniochaetaceae,,
72d4ba838a3b9f96e822b88ccc53eb70fbb36d1c,k__Fungi,,,,,,
183S3242G24375CW,k__Fungi,p__Ascomycota,c__Dothideomycetes,o__Pleosporales,f__Phaeosphaeriaceae,g__Sclerostagonospora,
899E4577N43447EV,k__Fungi,p__Ascomycota,c__Dothideomycetes,o__Pleosporales,f__Pleosporaceae,g__Alternaria,
f0dee0381fab0fadae607f000a5e73e7a96d3469,k__Fungi,,,,,,
ad6f3b9723cb8137aefa1f7215f2e07e79d74786,k__Fungi,,,,,,
1285852b2f044c76b63bd6896252275491b4147a,k__Fungi,p__Ascomycota,c__Dothideomycetes,o__Pleosporales,f__Sporormiaceae,,
7ecb2d4b8e52d446fb7e00a5a525993f68565e84,k__Fungi,p__Basidiomycota,c__Tremellomycetes,o__Tremellales,,,
d4a3ce1c9a5a3a9505f97dc08575e2c3ac15088c,k__Fungi,,,,,,
374T9288V27900WJ,k__Fungi,p__Basidiomycota,c__Tremellomycetes,o__Tremellales,f__Tremellaceae,g__Cryptococcus,
8d8359c702b0cc944a9fc5bc8e6127051c194ebc,k__Fungi,,,,,,
471D8932Z69832FH,k__Fungi,p__Basidiomycota,c__Tremellomycetes,o__Filobasidiales,f__Filobasidiaceae,g__Naganishia,s__Naganishia_albida
348P8246O32489FZ,k__Fungi,p__Ascomycota,c__Dothideomycetes,o__Pleosporales,f__Sporormiaceae,g__Preussia,
9918e673f326c34aa716f70e1a99ed22961d8646,k__Fungi,p__Ascomycota,c__Dothideomycetes,o__Pleosporales,f__Sporormiaceae,g__Preussia,
9a32ca5be27e273b179279456fbf2a3518d485a0,k__Fungi,p__Basidiomycota,c__Cystobasidiomycetes,o__Erythrobasidiales,,,
2c9542635c54e89f1a326620140a12863be6eeab,k__Fungi,p__Ascomycota,c__Lecanoromycetes,o__Umbilicariales,f__Umbilicariales_fam_Incertae_sedis,g__Boreoplaca,s__Boreoplaca_ultrafrigida
e2edd129afa8a3cc82fb4b41bf423a6d1430fa31,k__Fungi,,,,,,
33b30918f6dc6c56cb2014fa6c1073dc9f197fa4,k__Fungi,,,,,,
8fbe1264c8bed3ec7333b4638567dae3bc8f5252,k__Fungi,,,,,,
471W3739S45842MF,k__Fungi,p__Ascomycota,c__Dothideomycetes,o__Pleosporales,f__Pleosporaceae,g__Comoclathris,s__Comoclathris_spartii
957O9067W55705XT,k__Fungi,p__Ascomycota,c__Dothideomycetes,o__Pleosporales,f__Pleosporaceae,g__Alternaria,
991C5748F12806ZX,k__Fungi,p__Ascomycota,c__Dothideomycetes,o__Pleosporales,,,
522L3885R44506LP,k__Fungi,p__Ascomycota,c__Dothideomycetes,o__Pleosporales,f__Pleosporaceae,g__Alternaria,
e126859a2104a305da5e243ecd81c86423199d4d,k__Fungi,,,,,,
611ed85ccfb735917037004d94c2a15e10c44315,k__Fungi,p__Ascomycota,c__Dothideomycetes,o__Pleosporales,f__Pleosporaceae,g__Alternaria,
437P3349C24498QQ,k__Fungi,p__Ascomycota,c__Dothideomycetes,o__Pleosporales,f__Sporormiaceae,g__Sparticola,s__Sparticola_junci
17cc2db89db9294a8c5ef3125827a9404ee25687,k__Fungi,p__Ascomycota,c__Dothideomycetes,o__Pleosporales,f__Pleosporaceae,g__Comoclathris,s__Comoclathris_spartii
1772e62d053ede771da935dccda8195ce40a9eee,k__Fungi,p__Ascomycota,c__Lecanoromycetes,o__Umbilicariales,f__Umbilicariales_fam_Incertae_sedis,g__Boreoplaca,s__Boreoplaca_ultrafrigida
30c49a8a3125abaa0bf7599c3b3f9586a59e760c,k__Fungi,p__Basidiomycota,c__Tremellomycetes,o__Tremellales,f__Bulleribasidiaceae,g__Dioszegia,
1b2360f8d77e57b889633c71be159a2bffd35b02,k__Fungi,p__Ascomycota,c__Dothideomycetes,o__Pleosporales,,,
71580df768442acbb2159b650affb4f308b23fb2,Unassigned,,,,,,
b938a57589103c81989e5ab12511c188fa8237e7,k__Fungi,,,,,,
371B4659K26999RV,k__Fungi,p__Ascomycota,c__Dothideomycetes,o__Pleosporales,f__Lentitheciaceae,g__Keissleriella,
eefa6dc8b770fdfa42313795de0579c16a0df80d,k__Fungi,,,,,,
2841aa8aef8fe7255dacbca9cf7e9986b8128dcc,k__Fungi,,,,,,
89fdfc6f51aa6a34c18ebc37acf01eba1a32c632,k__Fungi,p__Ascomycota,c__Dothideomycetes,o__Pleosporales,,,
66ea9214a9cf930a2036402a22b22b1f739f4506,k__Fungi,,,,,,
53d7d7f2f679837b3b59c48e53eaed8a6c567a26,k__Fungi,,,,,,
5f5018d01715d8d361c9cf1dcc1443edc0717e26,k__Fungi,,,,,,
131C5432O31556SB,k__Fungi,p__Ascomycota,c__Dothideomycetes,o__Capnodiales,f__Davidiellaceae,g__Cladosporium,
596N9793W53546HW,k__Fungi,p__Ascomycota,c__Dothideomycetes,o__Pleosporales,,,
cdd062f753313614a35fc25e9486c756f371e07c,k__Fungi,,,,,,
802M1732I11833RG,k__Fungi,p__Ascomycota,c__Dothideomycetes,o__Pleosporales,f__Sporormiaceae,,
39bdd9c0fbce23954e3e29b6e3249231fd55fb9c,k__Fungi,p__Basidiomycota,c__Tremellomycetes,o__Tremellales,f__Rhynchogastremataceae,g__Papiliotrema,s__Papiliotrema_laurentii
bfe5799935ee1f0447884997440ae2d89e0762f9,k__Fungi,,,,,,
345J3802W90577TI,k__Fungi,p__Basidiomycota,c__Tremellomycetes,o__Filobasidiales,f__Filobasidiaceae,g__Naganishia,s__Naganishia_friedmannii
933T3292P95788LM,k__Fungi,p__Basidiomycota,c__Tremellomycetes,,,,
32a4ea2d2a8ac93c02529f9c3cd9869610559d7b,k__Fungi,,,,,,
10f8c95d0c0b99f6b10d4f07c4db52995fb89c9b,k__Fungi,,,,,,
c5f0463b7887786dc7cb676fb340937460ef1b63,k__Fungi,p__Basidiomycota,c__Tremellomycetes,o__Filobasidiales,f__Filobasidiaceae,g__Filobasidium,
9d6531561a00986ef4a5519f1c25539a6661b114,k__Fungi,p__Ascomycota,c__Dothideomycetes,o__Pleosporales,f__Sporormiaceae,,
8e1f957ae7522101677a1ed2803bec5349aea321,k__Fungi,,,,,,
797J4180E89338WC,k__Fungi,p__Chytridiomycota,,,,,
750P5411P42543HD,k__Fungi,p__Ascomycota,c__Dothideomycetes,o__Pleosporales,f__Didymellaceae,,
2ba10f77824ded8030a605090a236243042a5ed7,k__Fungi,,,,,,
f66d6c614f4dcaf0950023c9f9dd50e47478c604,k__Fungi,,,,,,
a46308f5916c0ec785529808ca70cdc4111b8334,k__Fungi,,,,,,
c418de81e79c2f68342e9fcd6b5a1715b36769a7,k__Fungi,,,,,,
656T7601P46004PF,k__Fungi,p__Ascomycota,c__Dothideomycetes,o__Pleosporales,f__Sporormiaceae,g__Preussia,
737C6744M82860LP,k__Fungi,p__Basidiomycota,c__Agaricomycetes,o__Atheliales,f__Atheliaceae,g__Athelia,s__Athelia_arachnoidea
90f8950254fd5b5f1fa84e547ca31601bce4fcbe,k__Fungi,p__Basidiomycota,c__Agaricomycetes,,,,
674W1021T67956RD,k__Fungi,p__Basidiomycota,c__Agaricomycetes,,,,
c66091b046e92c5c8e5c00f514bed9af0fb6fdfe,k__Fungi,p__Basidiomycota,c__Tremellomycetes,o__Tremellales,,,
7c5319ee7dd8bbc35943ac30a2e85818d71f5f74,k__Fungi,,,,,,
ec54779d14dfcd6baee876e7d1a10e2a98c8d3cc,k__Fungi,,,,,,
01cb84f56d8b63d682e28578e80d695af1a3c890,k__Fungi,,,,,,
71fabacf231469c6e1abd380b86ff2de36fe3271,k__Fungi,,,,,,
d1935a799445adc505ab65178955b8fc1ab86183,k__Fungi,,,,,,
9832d285fd9bf2b98f2d8e88610d4dcf9be95a41,k__Fungi,p__Basidiomycota,c__Tremellomycetes,o__Tremellales,f__Tremellaceae,g__Cryptococcus,
e982a08d252c5256d04be3ec7f1250c9102f8ccd,k__Fungi,,,,,,
8a5f42d54808d518cf5a4a4393c8e08d2e005965,k__Fungi,p__Ascomycota,c__Sordariomycetes,o__Sordariales,f__Lasiosphaeriaceae,g__Cladorrhinum,
34c97af92e50d3a15d9946db3a7e7b91dd88d7f7,k__Fungi,,,,,,
827J2822V39694QF,k__Fungi,p__Ascomycota,c__Sordariomycetes,o__Coniochaetales,f__Coniochaetaceae,g__Coniochaeta,s__Coniochaeta_polymorpha
c2a8351d6b961dae7b59b9b936d74c030729bb31,k__Fungi,,,,,,
63fc94e51b9e9d90ba56e30c8c2dff9ca5671683,k__Fungi,p__Ascomycota,c__Dothideomycetes,o__Pleosporales,f__Sporormiaceae,g__Preussia,
648U8287L48374ZR,k__Fungi,p__Ascomycota,c__Dothideomycetes,o__Pleosporales,f__Lentitheciaceae,g__Darksidea,s__Darksidea_gamma
848W2885W62432HF,k__Fungi,p__Ascomycota,c__Dothideomycetes,o__Pleosporales,f__Pleosporaceae,g__Comoclathris,
SH086595.07FU_AF033451_refs,k__Fungi,p__Ascomycota,c__Eurotiomycetes,o__Eurotiales,f__Aspergillaceae,g__Penicillium,
214L5163J69897JC,k__Fungi,p__Ascomycota,c__Dothideomycetes,o__Pleosporales,f__Pleosporaceae,g__Comoclathris,
ce2325212f261e4817863e798e2e943785ac43d6,k__Fungi,p__Ascomycota,c__Leotiomycetes,o__Helotiales,f__Hyaloscyphaceae,g__Cistella,
302L8412M77901OX,k__Fungi,p__Ascomycota,c__Leotiomycetes,o__Helotiales,f__Helotiales_fam_Incertae_sedis,g__Chalara,
123B6009V65689ER,k__Fungi,p__Ascomycota,c__Sordariomycetes,o__Coniochaetales,f__Coniochaetaceae,g__Coniochaeta,s__Coniochaeta_polymorpha
871C9232I38832FN,k__Fungi,p__Ascomycota,c__Sordariomycetes,o__Sordariales,f__Lasiosphaeriaceae,g__Podospora,
665744254fbb309cbce3a8db0e6220f2bdb21daf,k__Fungi,,,,,,
299C5949L86971TP,k__Fungi,p__Ascomycota,c__Leotiomycetes,o__Helotiales,f__Rutstroemiaceae,g__Rutstroemia,s__Rutstroemia_capillus_albis
552G1709N62971LI,k__Fungi,p__Ascomycota,c__Sordariomycetes,o__Hypocreales,f__Nectriaceae,g__Fusarium,
219D4742B15315PT,k__Fungi,p__Ascomycota,c__Dothideomycetes,o__Pleosporales,,,
612P8610I37579JC,k__Fungi,p__Basidiomycota,c__Agaricomycetes,o__Agaricales,f__Psathyrellaceae,g__Coprinellus,s__Coprinellus_sabulicola
00f6135a81eece88dce880bbd6e370f2d77d1c41,k__Fungi,p__Ascomycota,c__Dothideomycetes,o__Capnodiales,f__Teratosphaeriaceae,,
58d14511faf9687f266c23884882513929d480c8,k__Fungi,p__Entomophthoromycota,c__Basidiobolomycetes,o__Basidiobolales,,,
f57f3c6577f65140dfc7f979b98dac20d9c61b32,k__Fungi,,,,,,
cab36a68e633589488a36f5f61052b0034df131e,k__Fungi,,,,,,
69cb1961c1c5b925e2d200adb66f49d31f0e6302,k__Fungi,p__Ascomycota,c__Dothideomycetes,o__Capnodiales,f__Mycosphaerellaceae,g__Mycosphaerella,s__Mycosphaerella_tassiana
514C2218T75102IG,k__Fungi,p__Ascomycota,c__Dothideomycetes,o__Pleosporales,f__Pleosporaceae,g__Comoclathris,
512A8440N83265GR,k__Fungi,p__Ascomycota,c__Dothideomycetes,o__Pleosporales,f__Sporormiaceae,g__Sparticola,s__Sparticola_junci
da5b05e0115afe355761daa4686a3271042f9338,k__Fungi,p__Ascomycota,c__Leotiomycetes,o__Helotiales,f__Helotiaceae,g__Crocicreas,
c522d99c302b3b7ab8856a54d2e34cca6b1a50c0,k__Fungi,,,,,,
4bdfe9cd08984fa48bba5a2482f90108e5ddb789,k__Fungi,p__Ascomycota,c__Pezizomycetes,o__Pezizales,f__Pyronemataceae,g__Pulvinula,
e20f9180b571708c054780dcb12c27354c5fb758,k__Fungi,,,,,,
ddbe47098aff49018704267ca12e9458be5947fe,k__Fungi,p__Basidiomycota,c__Tremellomycetes,o__Tremellales,f__Bulleribasidiaceae,g__Vishniacozyma,s__Vishniacozyma_globispora
1eec5c23bfbf22836063a25078bec4f655f53122,k__Fungi,p__Basidiomycota,c__Tremellomycetes,o__Tremellales,f__Bulleribasidiaceae,g__Dioszegia,
609Q7040D89369QJ,k__Fungi,p__Basidiomycota,c__Agaricostilbomycetes,o__Agaricostilbales,f__Chionosphaeraceae,g__Kurtzmanomyces,
cdb0887e6aec24c7d4bfcca60ffb09cabc79b4da,k__Fungi,,,,,,
d324263000dbad92210cc98a99a28c9dcb821129,k__Fungi,p__Ascomycota,c__Sordariomycetes,o__Coniochaetales,f__Coniochaetaceae,g__Coniochaeta,
545A5935Y40243TE,k__Fungi,p__Ascomycota,c__Dothideomycetes,o__Dothideales,f__Aureobasidiaceae,g__Aureobasidium,s__Aureobasidium_pullulans
6a693019a3e118c647baa394d005f314956a84da,k__Fungi,,,,,,
b482bff6bb2191f9405cad14f3d5bd388c3c2108,k__Fungi,,,,,,
208E8671T22096QF,k__Fungi,p__Ascomycota,c__Leotiomycetes,o__Helotiales,f__Rutstroemiaceae,g__Rutstroemia,s__Rutstroemia_capillus_albis
23a546e03f8e077f3d3a83e3416a82a565bafa2e,k__Fungi,,,,,,
907C1963K68444XJ,k__Fungi,p__Basidiomycota,c__Agaricomycetes,,,,
SH085566.07FU_DQ000318_refs,k__Fungi,p__Basidiomycota,c__Tremellomycetes,o__Tremellales,f__Bulleribasidiaceae,g__Vishniacozyma,
SH080525.07FU_GQ924019_reps,k__Fungi,p__Ascomycota,c__Sordariomycetes,o__Sordariales,,,
ccb55d5a3c7e02a847eacdf6709407d2bd47127b,k__Fungi,,,,,,
747C2192I59871JM,k__Fungi,p__Ascomycota,c__Pezizomycetes,o__Pezizales,f__Sarcosomataceae,g__sarcosoma,
0500fb607f293aa5e37f76aff0d1e295d64c2ea5,k__Fungi,,,,,,
017b368d5617a4f5ce024919c3cbf2e524732c4b,k__Fungi,,,,,,
1474c7dc3980c5bd115edc83284acf60cb235893,k__Fungi,,,,,,
ae78de98ce270ed633be0d41bf7b0cdb607b10e9,k__Fungi,,,,,,
SH112905.07FU_EU266559_refs,k__Fungi,p__Basidiomycota,c__Tremellomycetes,o__Tremellales,f__Bulleribasidiaceae,g__Vishniacozyma,s__Vishniacozyma_globispora
63bf7aeac7879042fd43d1556c4ff8deb0c0bbf1,k__Fungi,,,,,,
389R7279D95633QE,k__Fungi,p__Ascomycota,c__Sordariomycetes,o__Xylariales,f__Diatrypaceae,g__Monosporascus,
76e7b58a9878f8cb0e2be96f1c5b3aef9a8870bd,k__Fungi,,,,,,
248U8390V75252GM,k__Fungi,p__Ascomycota,c__Sordariomycetes,o__Hypocreales,f__Nectriaceae,g__Fusarium,
598c9086fbfee7b37250eb247b8f02c5de47e12b,k__Fungi,,,,,,
95204ed0c50ab37568c5546834057c460626837f,k__Fungi,,,,,,
5aac8fa0dff7846f1c7c29f113aaea049c9feddf,k__Fungi,,,,,,
df36838b6f9d83342781eba5d1f71506645412cf,k__Fungi,,,,,,
SH110950.07FU_HG764521_reps,k__Fungi,p__Ascomycota,c__Dothideomycetes,o__Botryosphaeriales,f__Botryosphaeriaceae,g__Thyrostroma,
dd6c5177cb291c1a0eb6cf7527e6f06ee15559cb,k__Fungi,p__Ascomycota,c__Dothideomycetes,o__Pleosporales,f__Pleosporaceae,g__Alternaria,s__alternaria_chlamydosporigena
9a03d26fea811a39986ec32960e90c15ea540adf,k__Fungi,p__Ascomycota,c__Sordariomycetes,,,,
951M8621G34275BU,k__Fungi,p__Ascomycota,c__Dothideomycetes,o__Pleosporales,f__Phaeosphaeriaceae,g__Parastagonospora,
0b974f808cc3a406f5c67f8cec622a3fcf3c2f19,k__Fungi,,,,,,
d2a6333787b26dd909f62569cac94eb7603ad7e4,k__Fungi,p__Basidiomycota,c__Tremellomycetes,o__Filobasidiales,f__Filobasidiaceae,g__Naganishia,
c8c7b1ca6950d99a2d605b7558cdd489f1452e96,k__Fungi,p__Ascomycota,c__Pezizomycetes,o__Lecanoromycetes,f__Ostropales,g__Stictidaceae,
356K6170P23846QR,k__Fungi,p__Basidiomycota,c__Agaricomycetes,,,,
889G8506A94671FB,k__Fungi,p__Ascomycota,c__Dothideomycetes,o__Pleosporales,f__Phaeosphaeriaceae,g__Neostagonospora,
189361677336a93b3c66835d09db78cb73d9570b,k__Fungi,p__Basidiomycota,c__Tremellomycetes,o__Tremellales,,,
805B3082T22859UH,k__Fungi,p__Basidiomycota,,,,,
532N2255Z80628KS,k__Fungi,p__Basidiomycota,c__Tremellomycetes,o__Tremellales,f__Phaeotremellaceae,g__Gelidatrema,
874C9664G96319FI,k__Fungi,p__Ascomycota,c__Dothideomycetes,o__Capnodiales,,,
7a900ef2937633734c49bbc42622a31521cec35c,k__Fungi,,,,,,
702W2988P17312KF,k__Fungi,p__Ascomycota,c__Dothideomycetes,o__Pleosporales,f__Sporormiaceae,g__Preussia,
3f481275db805eb0bdc2454d17e853b08bc30b44,k__Fungi,p__Ascomycota,c__Dothideomycetes,o__Pleosporales,f__Pleosporaceae,g__Alternaria,
SH113721.07FU_AY969324_reps,k__Fungi,p__Ascomycota,c__Leotiomycetes,o__Helotiales,f__incertae_sedis,g__Mycoarthris,
b4239a49e4f4b90d9a928affc8d09eb921272ae6,k__Fungi,,,,,,
e9e1423d4b4ea283289ac2f2612a1f6d8ab9739d,k__Fungi,p__Basidiomycota,c__Tremellomycetes,o__Tremellales,f__Tremellaceae,g__Cryptococcus,
34e81677f36d0ea385735b4806824344f6a3d7f5,k__Fungi,p__Basidiomycota,c__Tremellomycetes,o__Tremellales,f__Bulleribasidiaceae,g__Vishniacozyma,s__Vishniacozyma_victoriae
130J1703R11017MD,k__Fungi,p__Ascomycota,c__Dothideomycetes,o__Tubeufiales,,,
440R2926U40362GQ,k__Fungi,p__Ascomycota,c__Pezizomycetes,o__Pezizales,f__Pezizaceae,g__Oedocephalum,s__Oedocephalum_adhaerens
ffc2c9cec56bb97aa01addd99adb29675356fb97,k__Fungi,p__Basidiomycota,c__Tremellomycetes,o__Tremellales,f__Tremellaceae,g__Cryptococcus,
d782f461646a278908dde1017018987a037d10cc,k__Fungi,p__Ascomycota,c__Dothideomycetes,o__Pleosporales,f__Pleosporaceae,g__Alternaria,
965P7281Y43408HI,k__Fungi,p__Ascomycota,c__Dothideomycetes,o__Pleosporales,f__Pleosporaceae,g__Alternaria,
e9660c7e370815a214d4c6a4d94cc21e343ac7ca,k__Fungi,p__Ascomycota,c__Dothideomycetes,o__Pleosporales,f__Didymosphaeriaceae,,
687U2578S17896HE,k__Fungi,p__Ascomycota,c__Dothideomycetes,o__Pleosporales,f__Sporormiaceae,g__Sparticola,s__Sparticola_junci
656C9239U19748IS,k__Fungi,p__Ascomycota,c__Dothideomycetes,o__Pleosporales,,,
474H9965R92198MM,k__Fungi,p__Ascomycota,c__Sordariomycetes,o__Coniochaetales,f__Coniochaetaceae,g__Coniochaeta,
8035dced13bf7f596ff67d703f07fef49cced37f,k__Fungi,p__Ascomycota,c__Dothideomycetes,o__Pleosporales,f__Sporormiaceae,,
ec35d95acc4af376581837ddbf6e808bf6588a3d,k__Fungi,,,,,,
d2b4e1ff79950064b5aa209fec57eb33cbb23318,k__Fungi,p__Ascomycota,,,,,
89844bc4a04085da3d21aaa37da145ff1cc6d4aa,k__Fungi,,,,,,
ddc0afbe9ab4a451e3b9f885674382d92d3bf112,Unassigned,,,,,,
9e5df2d1f2334e511982560a3522031973dfe871,k__Fungi,,,,,,
009ba37f88ce1c7afb6f368d5ce57e0e250b9493,k__Fungi,,,,,,
ec1cdc905d5aad417e24e94e78d281b77d19b297,k__Fungi,,,,,,
8658d301ce10dded531e4453457910a3e47ef5b7,k__Fungi,,,,,,
956R6162D17053BA,k__Fungi,p__Ascomycota,c__Dothideomycetes,o__Capnodiales,,,
8db237e8387b6d8ad085a5293243a1417f7684d8,k__Fungi,,,,,,
48de4fd96bd1f60491483ae671ae2ccfc4aff898,k__Fungi,p__Basidiomycota,c__Tremellomycetes,o__Filobasidiales,f__Filobasidiaceae,g__Filobasidium,s__Filobasidium_magnum
773Y3479J77136UW,k__Fungi,p__Ascomycota,c__Leotiomycetes,o__Helotiales,f__Helotiaceae,g__Tetracladium,
108S9961O91562DY,k__Fungi,p__Ascomycota,c__leotiomycetes,o__Helotiales,,,
374R6259W95789RJ,k__Fungi,p__Ascomycota,c__Leotiomycetes,o__Thelebolales,,,
953N2790Y18119VH,k__Fungi,p__Ascomycota,c__Leotiomycetes,o__Helotiales,f__Helotiaceae,g__Articulospora,
123N4717P12742BN,k__Fungi,p__Ascomycota,c__Dothideomycetes,o__Pleosporales,f__Pleosporaceae,g__Alternaria,
5306d3117adec7c4dd1cea94f79813ec6b64d924,k__Fungi,p__Ascomycota,c__Dothideomycetes,o__Pleosporales,f__Sporormiaceae,g__Sparticola,
35238b238c6213bbf20e41dc09f4dd1a8a81aedd,k__Fungi,p__Ascomycota,c__Sordariomycetes,o__Sordariales,,,
0d8a50dc95da3ce75529f3a7945a33449f0821e5,k__Fungi,,,,,,
e23cf483c7ad272008a52a85e34df3ad4dd192a3,k__Fungi,p__Ascomycota,c__Dothideomycetes,o__Pleosporales,f__Pleosporaceae,g__Alternaria,
78c2bf6e24c1feaecf019767bd58610c39164f7a,k__Fungi,p__Ascomycota,c__Dothideomycetes,o__Pleosporales,f__Sporormiaceae,,
SH117599.07FU_KX766176_reps,k__Fungi,p__Ascomycota,c__Dothideomycetes,o__Pleosporales,f__Pleosporales_fam_Incertae_sedis,g__Ochrocladosporium,s__Ochrocladosporium_frigidarii
SH013379.07FU_KC966164_reps_singleton,k__Fungi,p__Olpidiomycota,c__Olpidiomycetes,o__Olpidiales,f__Olpidiaceae,g__Olpidium,s__Olpidium_brassicae
885U7011O25589NK,k__Fungi,p__Ascomycota,c__Dothideomycetes,o__Pleosporales,f__Pleosporaceae,g__Alternaria,
15dc80f41be180a00da0d0ea2bf9e83ed4b81d3b,k__Fungi,p__Ascomycota,c__Dothideomycetes,o__Pleosporales,f__Pleosporaceae,g__Comoclathris,
448e76be04772431192302b65d34165351afe2cf,k__Fungi,p__Ascomycota,c__Sordariomycetes,o__Sordariales,f__Lasiosphaeriaceae,g__Schizothecium,
629X5415Q66169ZO,k__Fungi,p__Ascomycota,c__Sordariomycetes,o__Sordariales,,,
843S5043D52792QE,k__Fungi,p__Ascomycota,c__Dothideomycetes,o__Pleosporales,f__Lentitheciaceae,g__Keissleriella,
6a652c3a6ed89870eb1cf1ff4efeef48740a7f09,k__Fungi,p__Ascomycota,c__Leotiomycetes,o__Helotiales,f__incertae_sedis,g__Vestigium,
e3cd286c909a85e6f3cfc04ffb1dca1c372d66ce,k__Fungi,,,,,,
4f71550175f14f946cb596e29264033065253bdf,k__Fungi,,,,,,
a32255149a7a89112a8a75bca13a963aa87f3283,k__Fungi,,,,,,
3af9f73daa153ed4be9ea17c6361d8b83dc194af,k__Fungi,p__Ascomycota,c__Dothideomycetes,o__Pleosporales,f__Pleosporaceae,,
9ae3db27f3d649526be4b41497af58fc767afef5,k__Fungi,p__Ascomycota,c__Dothideomycetes,o__Pleosporales,f__Pleosporaceae,g__Alternaria,
581768fe240b01f4aead79dd854c7f4863d16f8b,k__Fungi,,,,,,
fdba9800b9d82e5ea7fc8453b0e443bf172a24de,k__Fungi,,,,,,
137H1025X22708DZ,k__Fungi,p__Ascomycota,c__Sordariomycetes,o__Sordariales,f__Lasiosphaeriaceae,g__Podospora,s__Podospora_pleiospora
0e4e40ce002201cd7cde407e9411f3228f5ca6b3,k__Fungi,p__Basidiomycota,c__Tremellomycetes,o__Filobasidiales,f__Filobasidiaceae,g__Naganishia,s__Naganishia_albida
ad09eb39b4ec1585833b437086ca093337a449c9,k__Fungi,,,,,,
76a96a9bb77048274d2dd4ef9730f48028ef7173,k__Fungi,p__Ascomycota,c__Dothideomycetes,o__Pleosporales,f__Pleosporaceae,g__Comoclathris,s__Comoclathris_spartii
122T9961K79991OP,k__Fungi,p__Ascomycota,c__Dothideomycetes,o__Pleosporales,f__Sporormiaceae,g__Sparticola,s__Sparticola_junci
831K2913N46135QD,k__Fungi,p__Ascomycota,c__Dothideomycetes,o__Pleosporales,f__Pleosporaceae,g__Epicoccum,s__Epicoccum_nigrum
974L8498B99503CR,k__Fungi,p__Ascomycota,c__Sordariomycetes,o__Sordariales,f__Lasiosphaeriaceae,,
9f79dd9a35b9095dfb8e5ed917559091b4debc3e,k__Fungi,p__Ascomycota,c__Dothideomycetes,o__Pleosporales,f__Pleosporaceae,g__Alternaria,
337b0d5010425e9f4158b89fbcb1c77c3e823b20,k__Fungi,p__Basidiomycota,c__Agaricomycetes,o__Corticiales,f__Corticiaceae,,
2bfddbb18a789601b9353d3ccbfd03ae3e0b6ee9,k__Fungi,,,,,,
7ef55cf61ac537a4c4d6efafad6765e5eb45cafa,k__Fungi,,,,,,
7bc06bad5285afb76b86a343da55f9f60f733e25,k__Fungi,p__Basidiomycota,c__Tremellomycetes,o__Tremellales,f__Tremellaceae,g__Cryptococcus,
497B5687U45749FF,k__Fungi,p__Ascomycota,c__Dothideomycetes,o__Dothideales,f__Aureobasidiaceae,g__Aureobasidium,s__Aureobasidium_pullulans
761A4758T72700CQ,k__Fungi,p__Ascomycota,c__Sordariomycetes,o__Sordariales,f__Chaetomiaceae,g__Chaetomium,
9183b2ad3cb7c710036e94f37869bf424783b4a8,k__Fungi,p__Basidiomycota,c__Agaricomycetes,o__Atheliales,f__Atheliaceae,g__Byssocorticium,
9c756bdf090635acc033aedac0d9c5cc87fe9492,k__Fungi,p__Basidiomycota,c__Agaricomycetes,o__Cantharellales,f__Tulasnellaceae,,
72c125bb8467b5f94dbc63834364d28df9c837a0,k__Fungi,p__Ascomycota,c__Arthoniomycetes,o__Lichenostigmatales,f__Phaeococcomycetaceae,g__Phaeococcomyces,
840L6731G10235NA,k__Fungi,p__Ascomycota,c__Sordariomycetes,o__Phomatosporales,f__Phomatosporaceae,g__Phomatospora,
636Y9800V69161DX,k__Fungi,p__Ascomycota,c__Leotiomycetes,o__Helotiales,f__Helotiaceae,g__Tetracladium,
39714c5e4f216d655d6c84fcdf7b43811bb2d6b9,k__Fungi,,,,,,
782V4501J88299BR,k__Fungi,p__Ascomycota,c__Dothideomycetes,o__Pleosporales,f__Pleosporaceae,g__Neocamarosporium,
84ac0a0f3408b726d71ceb12ce3860da66e6bfe0,k__Fungi,,,,,,
SH493336.07FU_KT921205_reps_singleton,k__Fungi,p__Ascomycota,c__Eurotiomycetes,o__Eurotiales,f__Aspergillaceae,g__Penicillium,s__Penicillium_griseofulvum
b1d3766317a924847570801ddf57e43f13b49afd,k__Fungi,,,,,,
0833ac4effc3e69f53f299eb405f2ed35b8a70e1,k__Fungi,,,,,,
bb2ced7559562045d94eb259e335792a40c349d8,k__Fungi,p__Basidiomycota,c__Tremellomycetes,o__Tremellales,,,
cae98bad28b2524f43849a682a1d74cffc4d8b5a,k__Fungi,p__Basidiomycota,c__Agaricomycetes,o__Corticiales,f__Corticiaceae,,
419L3154U12340DD,k__Fungi,p__Ascomycota,c__Leotiomycetes,o__Helotiales,f__Helotiaceae,g__Crocicreas,
5878ca4d1acc575ab6b8980770b4894de6f6c10d,k__Fungi,p__Ascomycota,c__Dothideomycetes,o__Pleosporales,f__Pleosporaceae,g__Neocamarosporium,
f0e9bc7f69076240e17e6cf4c403dfb2f3063e2e,k__Fungi,,,,,,
4daadc2a2d261a52fb11eaaf549900549d051c1c,k__Fungi,,,,,,
111H4007M19233UH,k__Fungi,p__Ascomycota,c__Sordariomycetes,o__Coniochaetales,f__Coniochaetaceae,g__Coniochaeta,s__Coniochaeta_polymorpha
3bf982424c5a5f8ef79f83d273cf47482804a093,k__Fungi,p__Basidiomycota,c__Tremellomycetes,o__Tremellales,f__Tremellaceae,g__Cryptococcus,
c6737cdc8bdd684bdf96380334da0cb49ad5ccc8,k__Fungi,p__Basidiomycota,c__Tremellomycetes,o__Tremellales,f__Tremellaceae,g__Cryptococcus,
480e66d5374d939f2799cb2708913d9e5b09f398,k__Fungi,,,,,,
1c748b9804f53d3f380241afca527e54baa3c010,k__Fungi,p__Basidiomycota,c__Tremellomycetes,o__Tremellales,f__Bulleribasidiaceae,g__Vishniacozyma,s__Vishniacozyma_globispora
d166f00727ae421f12da6b6c71a4765beff7abb1,k__Fungi,,,,,,
549M5644T82060ZA,k__Fungi,p__Ascomycota,c__Dothideomycetes,o__Pleosporales,f__Sporormiaceae,g__Sporormiella,s__Sporormiella_megalospora
9cf95fbbf4154541ddf5fd523aad34168ed21368,k__Fungi,,,,,,
703G6528L11750CV,k__Fungi,p__Ascomycota,c__Sordariomycetes,o__Xylariales,f__Diatrypaceae,g__Monosporascus,
b58a0216f8baef367fa427e165e2c82137063606,k__Fungi,p__Ascomycota,c__Lecanoromycetes,,,,
df4bebe7d412424733844bce4d002692634e5363,k__Fungi,,,,,,
aa7c100c6b750dd92103d799355143e4a82f6ce5,k__Fungi,p__Mortierellomycota,c__Mortierellomycetes,o__Mortierellales,f__Mortierellaceae,g__Mortierella,
8617d300c89860df11876fc920192fba1a04c9ca,k__Fungi,p__Ascomycota,c__Sordariomycetes,o__Hypocreales,f__Niessliaceae,,
69f1063a946197e044744ebab7d225d0b090e4d8,k__Fungi,,,,,,
656U4749K91837OF,k__Fungi,p__Basidiomycota,c__Tremellomycetes,o__Tremellales,f__Rhynchogastremataceae,g__Papiliotrema,s__Papiliotrema_laurentii
722Z5777G13165ND,k__Fungi,p__Ascomycota,c__Sordariomycetes,o__Sordariales,,,
SH541991.07FU_KT203174_reps,k__Fungi,p__Ascomycota,c__Dothideomycetes,o__Pleosporales,f__Pleosporaceae,g__Alternaria,
365C8048N73048GY,k__Fungi,p__Ascomycota,c__Dothideomycetes,o__Pleosporales,f__Pleosporaceae,g__Pyrenophora,s__Pyrenophora_seminiperda
577R5460N93518GU,k__Fungi,p__Ascomycota,,,,,
389bc17c304b59c5d3cc5056e77647b03c145e2b,k__Fungi,,,,,,
c89e7df1135711491c55f600cfcdf42d261ee54a,k__Fungi,p__Basidiomycota,c__Tremellomycetes,o__Filobasidiales,f__Filobasidiaceae,g__Naganishia,s__Naganishia_onofrii
fc2ea1e04737bd4312e6881226b97151fe6119ea,k__Fungi,p__Chytridiomycota,,,,,
3e9bd233d51693e56b0039b2e080b868c75cca87,k__Fungi,,,,,,
b82cdd579e6cb6cdf631d7c898484d81d19257e8,Unassigned,,,,,,
6de928f4dcfa4a703b24c5f311640191f7616471,k__Fungi,,,,,,
105H6125P82369JA,k__Fungi,p__Ascomycota,c__Dothideomycetes,o__Pleosporales,f__Pleosporaceae,g__Pyrenophora,s__Pyrenophora_seminiperda
9e6e9feea6f3c699b14b51653bf6de6657b19dfb,k__Fungi,,,,,,
SH116191.07FU_AF145330_refs,k__Fungi,p__Basidiomycota,c__Tremellomycetes,o__Filobasidiales,f__Filobasidiaceae,g__Naganishia,s__Naganishia_albida
078e5d5f16d56c827a74ca86571d7ecabd96fe8e,k__Fungi,,,,,,
ad9b4d00c2105dbed7db43542a38f991342ed820,k__Fungi,,,,,,
6310e6834faff714aebc5ea7d417428e5d747e1f,k__Fungi,p__Basidiomycota,,,,,
7b4e24e7768da12b42430fb51158119a7df36c20,k__Fungi,p__Basidiomycota,c__Tremellomycetes,o__Tremellales,,,
104dc67169da01148b52b569b124bd4a11cfaf99,k__Fungi,p__Basidiomycota,c__Tremellomycetes,o__Tremellales,,,
3adeb7fc453d7a51e816f7622f32d44ce0bc8f8c,k__Fungi,p__Ascomycota,c__Dothideomycetes,o__Pleosporales,f__Pleosporaceae,g__Alternaria,
cae9acd67f8199bae61d94160fceff335ddbff30,k__Fungi,p__Ascomycota,,,,,
63d538427b40ed5237de2fd4e26dad195d61f70e,k__Fungi,p__Basidiomycota,c__Tremellomycetes,o__Tremellales,f__Tremellaceae,g__Cryptococcus,
5a49782e42d2e5e80f4f5a2126df2aeac3a47738,k__Fungi,,,,,,
069470e93333dcb04f8a4c214268e7a7b9d82042,k__Fungi,p__Basidiomycota,c__Tremellomycetes,o__Tremellales,f__Bulleribasidiaceae,g__Vishniacozyma,s__Vishniacozyma_globispora
ea3014e540e9eda134a5ccd9f25338bd572833e2,k__Fungi,,,,,,
2a9e1944a38018f7fd8084e4a293bf58d251632a,k__Fungi,p__Ascomycota,c__Dothideomycetes,o__Capnodiales,f__Teratosphaeriaceae,g__Devriesia,s__Devriesia_pseudoamericana
b1f7f83da9111c1df50870fc7413c673bc357be7,k__Fungi,,,,,,
3efab8b264b90ac0b0626fdc1bcff61381cb272b,k__Fungi,,,,,,
032b8d1d6aeae2d69aced7f4453b1699131b240b,k__Fungi,,,,,,
589R9890P45834HA,k__Fungi,p__Ascomycota,c__Arthoniomycetes,o__Lichenostigmatales,f__Phaeococcomycetaceae,g__Phaeococcomyces,
ae9328f921398ea75addf481bc1718466efe34cd,k__Fungi,,,,,,
2cf95d4dc846ae7e22bc1d85b0dc481a6eaf61c0,k__Fungi,,,,,,
SH083696.07FU_KT759206_reps,k__Fungi,p__Mortierellomycota,c__Mortierellomycetes,o__Mortierellales,f__Mortierellaceae,g__Mortierella,s__Mortierella_sarnyensis
8498c649bd4b433b5c970771ee098b99572e10b3,k__Fungi,,,,,,
882W4855X55052EW,k__Fungi,p__Ascomycota,c__Dothideomycetes,o__Pleosporales,f__pleosporaceae,g__Neocamarosporium,
2a23092962ae6a5f84f1fc3f15e21a7a86aeccaf,k__Fungi,p__Ascomycota,c__Lecanoromycetes,o__Umbilicariales,f__Umbilicariales_fam_Incertae_sedis,g__Boreoplaca,s__Boreoplaca_ultrafrigida
934R1361R78532GO,k__Fungi,p__Basidiomycota,c__Cystobasidiomycetes,o__Erythrobasidiales,,,
214R3275U96873BD,k__Fungi,p__Basidiomycota,c__Ustilaginomycetes,o__Ustilaginales,f__Ustilaginaceae,g__Ustilago,s__Ustilago_bromivora
1b6a02f2fdf324a50587f6892ca0a9f152dfbfc1,k__Fungi,p__Ascomycota,c__Dothideomycetes,o__Pleosporales,f__Sporormiaceae,g__Preussia,
ed019d683f2526948e61c2a00acb3a04a193fd24,k__Fungi,p__Basidiomycota,c__Tremellomycetes,o__Tremellales,,,
260a56db153d022200e631ecd225025c2660f829,k__Fungi,,,,,,
e338ded7225ab13356bdeb66dac3f3b264f460f2,k__Fungi,p__Basidiomycota,c__Tremellomycetes,o__Tremellales,f__tremellaceae,g__Cryptococcus,s__Cryptococcus_dimennae
709F6599N69813UG,k__Fungi,p__Ascomycota,c__leotiomycetes,o__Helotiales,,,
28a1eff5d71b070a4f1a8829693a56056d0b509a,k__Fungi,,,,,,
4adcf20f6f803ccaba648b742a5d1082d82a7b83,k__Fungi,p__Ascomycota,c__Dothideomycetes,o__Pleosporales,f__Pleosporaceae,g__Alternaria,
6f3110c6a1773fdbd2db6936c6a105a6db4bbd65,k__Fungi,p__Ascomycota,c__Dothideomycetes,o__Pleosporales,f__Pleosporaceae,,
6f8592925125bfd641ff7257d9bf1feee3fbf209,k__Fungi,p__Basidiomycota,c__Agaricomycetes,,,,
9badd1102bbad5ca3c8c880283e3ba0d4277612a,k__Fungi,,,,,,
1e74ecfee8a20b3fc8cb8f7d3d3fa626a646d34d,k__Fungi,,,,,,
SH493931.07FU_HG935710_reps_singleton,k__Fungi,p__Mortierellomycota,c__Mortierellomycetes,o__Mortierellales,f__Mortierellaceae,g__Mortierella,s__Mortierella_sarnyensis
566L6509S94643AS,k__Fungi,p__Ascomycota,c__Sordariomycetes,o__Coniochaetales,f__Coniochaetaceae,g__Coniochaeta,s__Coniochaeta_polymorpha
d3c7aed160da3afeccd9326561292597ebc97f5c,k__Fungi,p__Basidiomycota,c__Agaricomycetes,o__Agaricales,f__Clavariaceae,,
471M9745N51800XX,k__Fungi,p__Basidiomycota,c__Ustilaginomycetes,o__Ustilaginales,f__Ustilaginaceae,g__Ustilago,s__Ustilago_bromivora
4d6d481774cf843b9ccb3d7437117517233110d3,k__Fungi,p__Ascomycota,,,,,
dfba2757cab30538f2554a55fbc6177dac0841ff,k__Fungi,,,,,,
270O5228H89364VW,k__Fungi,p__Ascomycota,c__Sordariomycetes,o__Sordariales,f__Lasiosphaeriaceae,,
ac07af172b2695f406c2a588e5af45c4ffe24dfa,k__Fungi,,,,,,
746D9556E85706MX,k__Fungi,p__Ascomycota,c__Dothideomycetes,o__Pleosporales,f__Sporormiaceae,,
361H6596H61818ZS,k__Fungi,p__Basidiomycota,c__Tremellomycetes,o__Tremellales,f__Bulleribasidiaceae,g__Dioszegia,
57274812e7739ced6c62fb6530ac66d3f131fe78,k__Fungi,,,,,,
472Y1372I79393NB,k__Fungi,p__Ascomycota,c__Leotiomycetes,o__Helotiales,f__Rutstroemiaceae,g__Rutstroemia,s__Rutstroemia_capillus_albis
a9676d36ec486935bd02566248ed78102cfd8605,k__Fungi,p__Ascomycota,c__Dothideomycetes,o__Pleosporales,f__Pleosporaceae,g__Alternaria,
39f04fbea4cc6a1b3c520957198d7a21141e3bed,k__Fungi,,,,,,
4e5909022eb07e38d6f3277ea0147ddf6d2d5369,k__Fungi,p__Basidiomycota,c__Tremellomycetes,o__Tremellales,f__Tremellaceae,g__Cryptococcus,
956C1947Z89260LP,k__Fungi,p__Basidiomycota,c__Agaricomycetes,o__Cantharellales,f__Ceratobasidiaceae,g__Thanatephorus,s__Thanatephorus_cucumeris
20e01ffd3f14a5ffd14246d959b4b25640aeb7a1,k__Fungi,,,,,,
501X8080S35264FM,k__Fungi,p__Ascomycota,,,,,
SH027329.07FU_KF309971_refs_singleton,k__Fungi,p__Ascomycota,c__Dothideomycetes,o__Capnodiales,f__Teratosphaeriaceae,g__Meristemomyces,s__Meristemomyces_frigidus
434Q1115U17055KS,k__Fungi,p__Basidiomycota,c__Tremellomycetes,o__Tremellales,f__Tremellaceae,g__Cryptococcus,
9b3da694ec3bd9437d1e906bac45fd42528408fd,k__Fungi,p__Basidiomycota,c__Agaricomycetes,o__Agaricales,f__Clavariaceae,,
f7315c742fb0d5a1f0625b1ac6356771799f515d,k__Fungi,,,,,,
7d7dd0de63456be371b2a5afe9b932c3e98ea98e,k__Fungi,p__Ascomycota,c__Dothideomycetes,o__Pleosporales,f__Sporormiaceae,g__Sparticola,
321Y6656S73828HH,k__Fungi,p__Basidiomycota,c__Ustilaginomycetes,o__Ustilaginales,f__Ustilaginaceae,g__Ustilago,s__Ustilago_bromivora
660J5509W49394JY,k__Fungi,p__Basidiomycota,c__Classiculomycetes,o__Classiculales,f__Classiculaceae,,
da01a965cc6d5a0cd69420555faaa4477f638057,k__Fungi,,,,,,
427Z5241X25844QN,k__Fungi,p__Ascomycota,c__Dothideomycetes,o__Pleosporales,f__pleosporaceae,g__Neocamarosporium,
SH101596.07FU_EU754892_reps,k__Fungi,p__Olpidiomycota,c__Olpidiomycetes,o__Olpidiales,f__Olpidiaceae,g__Olpidium,s__Olpidium_brassicae
604Q6647D95322TC,k__Fungi,p__Ascomycota,c__Sordariomycetes,o__Sordariales,f__Lasiosphaeriaceae,g__Podospora,
fda0e262f67f2f98c323129e545731746086d09a,k__Fungi,,,,,,
SH488721.07FU_KM062090_reps_singleton,k__Fungi,p__Ascomycota,c__Dothideomycetes,o__Pleosporales,,,
539f0f496ba54f032e2e66e52a39c0bb10cd35a1,k__Fungi,p__Basidiomycota,c__Tremellomycetes,o__Tremellales,f__Rhynchogastremataceae,g__Papiliotrema,
SH091069.07FU_JF432973_reps,k__Fungi,p__Ascomycota,c__Sordariomycetes,o__Hypocreales,f__Nectriaceae,g__Fusarium,
9540305a3c520aea2b611768a1a014686276e3da,k__Fungi,,,,,,
24962a113d59a446c060c7b398f0db2502f221f7,k__Fungi,,,,,,
926D4596E98858LK,k__Fungi,p__Basidiomycota,c__Tremellomycetes,o__Filobasidiales,f__Filobasidiaceae,g__Naganishia,s__Naganishia_albida
SH120007.07FU_AY562158_refs,k__Fungi,p__Basidiomycota,c__Tremellomycetes,o__Tremellales,f__Bulleribasidiaceae,g__Dioszegia,
693f4ada6415aaebd0a23f6212593b764061a0eb,k__Fungi,p__Ascomycota,,,,,
SH539954.07FU_KU721774_reps,k__Fungi,p__Ascomycota,c__Dothideomycetes,o__Pleosporales,f__Sporormiaceae,g__Sparticola,s__Sparticola_forlicesenae
713Q1704K29625GI,k__Fungi,p__Ascomycota,c__Dothideomycetes,o__Dothideales,f__Aureobasidiaceae,g__Aureobasidium,s__Aureobasidium_pullulans
682516892c0e467a0b11089a71880401ccf6369a,k__Fungi,p__Ascomycota,c__Dothideomycetes,o__Capnodiales,,,
122K9655E29893NW,k__Fungi,p__Ascomycota,c__Leotiomycetes,o__Helotiales,f__Hyaloscyphaceae,g__Cistella,
8b5e1ddc8cc037e5b00c26794c1c16539fd3a0cf,k__Fungi,p__Ascomycota,c__Lecanoromycetes,o__Umbilicariales,f__Umbilicariales_fam_Incertae_sedis,g__Boreoplaca,s__Boreoplaca_ultrafrigida
b266d8004a4f627d3eb184569a8255b3a7a183fa,k__Fungi,p__Ascomycota,c__Dothideomycetes,o__Pleosporales,f__Didymosphaeriaceae,,
161E6318N52709PE,k__Fungi,p__Ascomycota,c__Dothideomycetes,o__Pleosporales,f__Didymosphaeriaceae,,
b9f7dd1983e683433fd6039aeb48d69f315224ec,k__Fungi,,,,,,
dfea7794c3858b6043e735fb071f0fbfcdc68d1c,k__Fungi,p__Ascomycota,c__Eurotiomycetes,o__Eurotiales,f__Thermoascaceae,g__Byssochlamys,s__Byssochlamys_spectabilis
68075970f6055558757eb11ef4528a21a0d32727,k__Fungi,p__Ascomycota,,,,,
015462eb4b824a22124f22192d7a0a98a6176dd3,k__Fungi,,,,,,
df3327aca78b2780c4eaab0f113254f1c88d4625,k__Fungi,,,,,,
726B9109H19860RH,k__Fungi,p__Ascomycota,,,,,
11b0454fc69d97f132de6d58d30d5cb1b455b97a,k__Fungi,,,,,,
340c55dcbbeda132c178ae16e0c0a80165149d95,k__Fungi,,,,,,
530C1597U42553PM,k__Fungi,p__Aphelidiomycota,c__Aphelidiomycetes,o__GS16,,,
ced8ca83ece3c8e59d1b28bbcb45d5580e2199c6,k__Fungi,,,,,,
a865a583f0f6284e38eedff1f69e98702595e653,k__Fungi,,,,,,
3cf4dcb7528d608bcce8c857f63ea24fa0171f11,k__Fungi,p__Basidiomycota,c__Agaricostilbomycetes,o__Agaricostilbales,f__Kondoaceae,g__Bensingtonia,
aaee812b59feb8782226e0297b03b781b55b3aa7,k__Fungi,p__Basidiomycota,c__Agaricomycetes,,,,
7917e660e2876e6a4eb094297c45abd677aa3897,k__Fungi,p__Ascomycota,c__Dothideomycetes,o__Pleosporales,f__Pleosporaceae,g__Alternaria,
7994bfa40743d2950083f1b91bd9a7a38fec700d,k__Fungi,,,,,,
SH483390.07FU_GU054206_reps_singleton,k__Fungi,p__Ascomycota,,,,,
396C6366Y53679PG,k__Fungi,p__Ascomycota,c__Dothideomycetes,o__Pleosporales,f__Sporormiaceae,g__Sparticola,
9a671b22b9b75d486530a18ce87cf9f37830d080,k__Fungi,,,,,,
655F7751U30920MV,k__Fungi,p__Ascomycota,c__Dothideomycetes,o__Pleosporales,f__Pleosporaceae,g__Alternaria,
382A3916B69043AM,k__Fungi,p__Basidiomycota,c__Agaricomycetes,,,,
0d4641b2794310872bc5afcf26f84585f438780d,k__Fungi,,,,,,
9367fcdb541c9942d92fcaf825475d00a0458f05,k__Fungi,p__Entomophthoromycota,c__Basidiobolomycetes,o__Basidiobolales,,,
c8a48098d9af052469c0624f067b37d48a887c21,Unassigned,,,,,,
cfd0b122203db53b251c7de95e1208621891779a,k__Fungi,,,,,,
9888771fd4d346c6caa0a8070b4561a9cc7ca888,k__Fungi,p__Ascomycota,c__Eurotiomycetes,o__Onygenales,f__Arachnomycetaceae,g__Arachnomyces,
787W1572C91944WQ,k__Fungi,p__Ascomycota,c__Leotiomycetes,o__Thelebolales,f__Thelebolaceae,g__Coprotus,
762J5801M46080CY,k__Fungi,p__Ascomycota,c__Sordariomycetes,o__Myrmecridiales,f__Myrmecridiaceae,g__Myrmecridium,
SH088363.07FU_KF725734_reps,k__Fungi,p__Ascomycota,c__Leotiomycetes,o__Helotiales,f__Rutstroemiaceae,g__Rutstroemia,s__Rutstroemia_capillus_albis
547Q3489I77384XO,k__Fungi,p__Ascomycota,c__Dothideomycetes,o__Pleosporales,f__Sporormiaceae,g__Preussia,
SH076372.07FU_KX306529_reps,k__Fungi,p__Ascomycota,c__Sordariomycetes,o__Magnaporthales,f__Magnaporthaceae,g__Gaeumannomyces,s__Gaeumannomyces_graminis
d04f32ce69bb6d77d4e3dde504e8329b75b9cdf0,k__Fungi,,,,,,
894b01f80a7385ee47c97763ddff58a40e441974,k__Fungi,p__Ascomycota,c__Dothideomycetes,o__Pleosporales,f__Pleosporaceae,g__Alternaria,
269B8384E85139IJ,k__Fungi,p__Ascomycota,c__Eurotiomycetes,o__Chaetothyriales,f__Herpotrichiellaceae,g__Exophiala,s__Exophiala_crusticola
362342c2515be5aed4b30d17507f1e90137b3961,k__Fungi,,,,,,
228G7983Z84602JM,k__Fungi,p__Ascomycota,c__Sordariomycetes,o__Sordariales,f__Chaetomiaceae,g__Chaetomium,
463H1723N51728PR,k__Fungi,p__Ascomycota,c__Dothideomycetes,o__Pleosporales,f__Sporormiaceae,g__Preussia,
547A8994U66090JX,k__Fungi,p__Ascomycota,c__Dothideomycetes,o__Pleosporales,f__Lophiostomataceae,g__Lophiostoma,s__Lophiostoma_multiseptatum
e3b3b22d09ec8edaca96889feb4fea47c4dde2df,k__Fungi,p__Ascomycota,c__Leotiomycetes,o__Helotiales,f__Helotiaceae,g__Chlorociboria,
SH536380.07FU_KR909426_reps,k__Fungi,p__Ascomycota,c__Sordariomycetes,o__Hypocreales,f__Nectriaceae,g__Fusarium,
bed51165249e46b9b60544f4f710c23794252a6a,k__Fungi,p__Ascomycota,,,,,
2e7ff707195f51cda5c4bef6718efea3552c2d4a,k__Fungi,,,,,,
f175d01e70772404286ccf6bb7d230527f1db688,k__Fungi,p__Basidiomycota,,,,,
9dbb57b0040fc1617b224800dd20a030cd2f6abc,k__Fungi,,,,,,
e4438fcb7091919eced0d8c791af1e68190b7bef,k__Fungi,,,,,,
857d5ac230728631676bfe9a237d0dd691a3c177,k__Fungi,p__Entomophthoromycota,c__Basidiobolomycetes,o__Basidiobolales,,,
445L6413W27973NA,k__Fungi,p__Ascomycota,c__Pezizomycetes,o__Pezizales,f__Ascobolaceae,g__Ascobolus,
a5747de2da1e10491c1cfef1f2d7fff54234b12c,k__Fungi,p__Ascomycota,c__Dothideomycetes,o__Pleosporales,f__Pleosporaceae,g__Alternaria,
302ae3bc571b0ad5010b588ced41549fa0757970,k__Fungi,p__Ascomycota,c__Dothideomycetes,o__Pleosporales,f__Coniothyriaceae,,
75a1e216edc596bb7fd34ceb2ac2bf51ba25bcb6,k__Fungi,,,,,,
911R5874O62079LN,k__Fungi,p__Ascomycota,c__Dothideomycetes,o__Pleosporales,f__Pleosporales_fam_Incertae_sedis,,
3d4ee8d028b65c1f08b86451e6c223fceb4f345d,k__Fungi,,,,,,
626O4470Z20289FA,k__Fungi,p__Chytridiomycota,,,,,
246L8229U53538AD,k__Fungi,p__Ascomycota,c__Dothideomycetes,o__Pleosporales,f__Didymosphaeriaceae,,
SH027006.07FU_JF495181_reps_singleton,k__Fungi,p__Basidiomycota,c__Cystobasidiomycetes,o__Erythrobasidiales,,,
9c07fbd13fa40dd623b9793c6930549eac4174ed,k__Fungi,p__Basidiomycota,c__Agaricomycetes,,,,
590M4830Y88727PJ,k__Fungi,p__Ascomycota,c__Sordariomycetes,o__Sordariales,f__Lasiosphaeriaceae,,
8c968c8691dd3c74f424072a79263866b3e6b507,k__Fungi,,,,,,
fadd552b9954b9abcee3a47204da7a947decdd1c,k__Fungi,p__Ascomycota,c__Dothideomycetes,o__Pleosporales,f__Sporormiaceae,g__Preussia,
194Y3125B76068XL,k__Fungi,p__Basidiomycota,c__Tremellomycetes,o__Filobasidiales,f__Filobasidiaceae,g__Filobasidium,s__Filobasidium_magnum
8e3d7c1276dc78e9cb01ad9d82cc47392e817e43,k__Fungi,p__Basidiomycota,,,,,
ee189dad462b3a291152b09e8a11047babbae35b,k__Fungi,p__Entomophthoromycota,c__Basidiobolomycetes,o__Basidiobolales,,,
921bd4bb36719adceda5829ac96342c7cf1daa9f,k__Fungi,,,,,,
a55de8311563dbb45b7fcc3e09cbaedb790e9a54,k__Fungi,p__Ascomycota,c__Dothideomycetes,o__Pleosporales,f__Pleosporaceae,g__Alternaria,
57391364dd447fb1e8b56c581f75cae67e817c2b,k__Fungi,p__Basidiomycota,c__Agaricomycetes,o__Agaricales,f__Clavariaceae,,
966K5028H15714NS,k__Fungi,p__Ascomycota,c__Dothideomycetes,o__Botryosphaeriales,f__Planistromellaceae,g__Ramimonilia,s__Ramimonilia_apicalis
SH128570.07FU_EU747143_reps,k__Fungi,p__Ascomycota,c__Dothideomycetes,o__Pleosporales,f__Pleosporaceae,g__Alternaria,
4bc5e4629de48d88d6ab6a7077855f7e052d94ec,k__Fungi,p__Ascomycota,,,,,
ee0e7b938a7cfee397e413c85855a16b1f96a6ce,k__Fungi,p__Ascomycota,c__Dothideomycetes,o__Capnodiales,f__Teratosphaeriaceae,g__Constantinomyces,s__Constantinomyces_minimus
33d64e0f6b1b70d59f84bf6983ad940ee3bfb124,k__Fungi,,,,,,
9133987e450420d484ba2cef1ca9ae1511e39336,k__Fungi,p__Ascomycota,c__Dothideomycetes,o__Pleosporales,f__Pleosporaceae,g__Alternaria,
391W5179H95664CI,k__Fungi,p__Ascomycota,c__Dothideomycetes,o__Pleosporales,f__Sporormiaceae,,
0fc710ceb51469a9d96f2c2751d1744ef29632b7,k__Fungi,p__Ascomycota,c__Dothideomycetes,o__Pleosporales,f__Pleosporaceae,g__Alternaria,
1b4542e764781578fd84a4eb3f8057b830beea68,k__Fungi,p__Ascomycota,c__Dothideomycetes,o__Botryosphaeriales,f__Planistromellaceae,g__Ramimonilia,s__Ramimonilia_apicalis
654H4241L46435IS,k__Fungi,p__Basidiomycota,c__Agaricomycetes,o__Corticiales,f__Corticiaceae,g__Limonomyces,s__Limonomyces_culmigenus
ec1be575ee642cc3c3ca4bf9881f0d8c885d230e,k__Fungi,,,,,,
e2c78c591de07b1cc040ee18a69e0621e2b9d57f,k__Fungi,p__Ascomycota,c__Dothideomycetes,o__Pleosporales,f__Didymosphaeriaceae,,
SH084396.07FU_KC965458_reps,k__Fungi,p__Ascomycota,c__Dothideomycetes,o__Pleosporales,f__Lophiostomataceae,g__Lophiostoma,s__Lophiostoma_multiseptatum
164783987914ea850deb51cdd2bb5ef3d425583f,k__Fungi,p__Ascomycota,c__Dothideomycetes,o__Pleosporales,f__Didymosphaeriaceae,,
230L6272F99119FA,k__Fungi,p__Ascomycota,c__Eurotiomycetes,o__Eurotiales,f__Aspergillaceae,g__Penicillium,
9000229d22fea9df7beddc2a8538cf123d95b52e,k__Fungi,,,,,,
679T7435J16911YI,k__Fungi,p__Ascomycota,c__Dothideomycetes,o__Pleosporales,f__Sporormiaceae,g__Preussia,
f8cd86958d328c288a22469da85a6779f8b5cf34,k__Fungi,,,,,,
131M8808Q85426YE,k__Fungi,p__Ascomycota,c__Sordariomycetes,o__Coniochaetales,f__Coniochaetaceae,g__Coniochaeta,s__Coniochaeta_polymorpha
302D9544D25076OZ,k__Fungi,p__Ascomycota,c__Sordariomycetes,o__Myrmecridiales,f__Myrmecridiaceae,g__Myrmecridium,s__Myrmecridium_montsegurinum
cdcf94bd2462e73ac0554d9bcc28c921dab4c0dd,k__Fungi,,,,,,
870X4215Q72608CZ,k__Fungi,p__Ascomycota,c__Sordariomycetes,o__Xylariales,f__Diatrypaceae,g__Monosporascus,
488d49890783cbd704a8d1c59f786c2b70c9e3d2,k__Fungi,p__Ascomycota,c__Sordariomycetes,o__Myrmecridiales,f__Myrmecridiaceae,g__Myrmecridium,
bfcd4a05822328269bb08040d4ea008522e52e42,k__Fungi,,,,,,
125F2600F93054ET,k__Fungi,p__Ascomycota,c__Sordariomycetes,o__Sordariales,f__Lasiosphaeriaceae,,
66a5da9b2b83640c3025435900a941c804fb2b83,k__Fungi,p__Ascomycota,c__Dothideomycetes,o__Pleosporales,f__Pleosporaceae,g__Comoclathris,s__Comoclathris_spartii
f64e7fb977245c2bed47e7f8bcec407922f36864,k__Fungi,,,,,,
1add84844bcbfa5618193828fe3bce838d47098f,k__Fungi,p__Olpidiomycota,c__Olpidiomycetes,o__Olpidiales,f__Olpidiaceae,g__Olpidium,s__Olpidium_brassicae
707P4257Q69942HI,k__Fungi,p__Ascomycota,c__Dothideomycetes,o__Pleosporales,f__Pleosporaceae,g__Pyrenophora,s__Pyrenophora_seminiperda
SH019302.07FU_KC965859_reps_singleton,k__Fungi,p__Ascomycota,c__Sordariomycetes,o__Hypocreales,,,
SH128610.07FU_LN808981_reps,k__Fungi,p__Ascomycota,c__Dothideomycetes,o__Pleosporales,f__Pleosporaceae,g__Alternaria,
696f5b8c781fb21fdcc3fca4db63221b02666330,k__Fungi,p__Ascomycota,c__Dothideomycetes,o__Dothideales,f__Dothideaceae,g__Scirrhia,
SH120062.07FU_EU479757_reps,k__Fungi,p__Ascomycota,c__Sordariomycetes,o__Sordariales,,,
352S6403Z31238LP,k__Fungi,p__Basidiomycota,c__Agaricomycetes,o__Polyporales,,,
43f7fd5c9e621fd7306cf0350d74be8bf6106729,k__Fungi,p__Ascomycota,c__Dothideomycetes,o__Pleosporales,f__Pleosporaceae,g__Alternaria,
0bb0c2617a6851546eab6688edd59e7199f2d83f,k__Fungi,,,,,,
987O1409M73147QV,k__Fungi,p__Ascomycota,c__Arthoniomycetes,,,,
15f37f6456c433ad9bd9cf9b1466a95eb202f000,k__Fungi,p__Ascomycota,c__Dothideomycetes,o__Pleosporales,f__Pleosporaceae,g__Alternaria,
564Y9066P99036EM,k__Fungi,p__Ascomycota,c__Sordariomycetes,o__Xylariales,f__Hyponectriaceae,g__Monographella,s__Monographella_nivalis
751M4012I26016MB,k__Fungi,p__Ascomycota,c__Dothideomycetes,o__Pleosporales,,,
7bdb8cb75afc1b615ce310049092e2933c855218,k__Fungi,p__Ascomycota,,,,,
8c0a431501852a2f1da348b696c94f4b208f6f67,k__Fungi,p__Basidiomycota,c__Tremellomycetes,o__Tremellales,,,
526S8160F88557LZ,k__Fungi,p__Ascomycota,c__Dothideomycetes,o__Pleosporales,f__Pleosporaceae,g__Drechslera,
7a75d46906a78e57ca15c66fa24648ec49588dcd,k__Fungi,,,,,,
151A7978P20055VV,k__Fungi,p__Basidiomycota,c__Agaricomycetes,o__Cantharellales,f__Ceratobasidiaceae,,
d09b1bc1aa3b6180b4f7e177e05bfbb3c76a7a85,k__Fungi,p__Basidiomycota,c__Tremellomycetes,o__Tremellales,,,
e7400add06447b6a17137f25df3ad0bbbae12ce6,k__Fungi,,,,,,
281X7898O39532CH,k__Fungi,p__Ascomycota,c__Dothideomycetes,o__Pleosporales,f__pleosporaceae,g__Neocamarosporium,
413J4616C15985UB,k__Fungi,p__Basidiomycota,c__Agaricomycetes,,,,
3b2083262a67995a0b1b90ac8b293033c2621c37,k__Fungi,p__Basidiomycota,c__Tremellomycetes,o__Tremellales,f__Bulleribasidiaceae,g__Vishniacozyma,s__Vishniacozyma_globispora
8dbdc82fa97616287a5feb00188ffbed7227335c,k__Fungi,p__Ascomycota,c__Dothideomycetes,o__Pleosporales,f__Sporormiaceae,,
3054aa6b1a1fff03829f6950512d8e80a21ad946,k__Fungi,,,,,,
563X1902D16504YC,k__Fungi,p__Ascomycota,c__Dothideomycetes,o__Pleosporales,f__Pleosporaceae,g__Comoclathris,
2b5591c8e1dc8a7aaec1ca334ed708b4c9e79bce,k__Fungi,,,,,,
ce858ed9d9a8cd851ca09b5319c4160ae0ef91d6,k__Fungi,,,,,,
458a631574b5792e7e294d268afb682144b0f086,k__Fungi,p__Basidiomycota,c__Tremellomycetes,o__Filobasidiales,f__Filobasidiaceae,g__Filobasidium,s__Filobasidium_magnum
8065e15d82f9094a989a2fec661d7ec8b3260d7f,k__Fungi,p__Ascomycota,c__Dothideomycetes,o__Pleosporales,f__Sporormiaceae,g__Preussia,
267906cd85d56d8c43d8a3ac22dc6921137bf7e0,k__Fungi,,,,,,
597I4842D23412EZ,k__Fungi,p__Ascomycota,c__Dothideomycetes,o__Dothideales,f__Aureobasidiaceae,g__Aureobasidium,s__Aureobasidium_pullulans
SH117604.07FU_JF740190_reps,k__Fungi,p__Ascomycota,c__Dothideomycetes,o__Pleosporales,f__Pleosporales_fam_Incertae_sedis,g__Ochrocladosporium,s__Ochrocladosporium_frigidarii
6e9d2b57c13219098117bd1cab50e887197c51c5,k__Fungi,p__Ascomycota,c__Dothideomycetes,o__Capnodiales,f__Teratosphaeriaceae,,
441e27b1782bd27c2074fa3d1933287e20c45b93,k__Fungi,p__Ascomycota,c__Dothideomycetes,o__Pleosporales,f__Pleosporaceae,g__Alternaria,
b9869b80ceddfce5d74854db891f6b3b5a5f6960,k__Fungi,p__Ascomycota,c__Dothideomycetes,o__Pleosporales,f__Sporormiaceae,g__Preussia,
518Y9365I67152FX,k__Fungi,p__Basidiomycota,c__Tremellomycetes,o__Holtermanniales,f__Holtermanniales_fam_Incertae_sedis,g__Holtermanniella,s__Holtermanniella_takashimae
94465e2bdbb36e81c4257dcd2d3f2c5b10a4b289,k__Fungi,p__Ascomycota,c__Dothideomycetes,o__Dothideales,f__Aureobasidiaceae,g__Aureobasidium,s__Aureobasidium_pullulans
2c630951fe34df24fc8d61b609594841076353e5,k__Fungi,,,,,,
715954e1e11696d60cf2eac61ae13baee8b3c923,k__Fungi,,,,,,
739R4753G89732XA,k__Fungi,p__Ascomycota,c__Dothideomycetes,o__Pleosporales,f__Sporormiaceae,g__Preussia,
b4c9239017aab9c224c64221fa6d0d22a347b42c,k__Fungi,,,,,,
20971f373c769f02e63c8c31f6b56bc99cf9df54,k__Fungi,,,,,,
3a2d90dcae871a2335f0295718d5b80c1f4e7456,k__Fungi,p__Basidiomycota,c__Tremellomycetes,o__Tremellales,f__Bulleribasidiaceae,g__Vishniacozyma,s__Vishniacozyma_victoriae
4b3d269012f1deced56e501cd99ee8d7ae20a0e5,k__Fungi,p__Ascomycota,c__Dothideomycetes,o__Pleosporales,f__Pleosporaceae,g__Alternaria,
217P3105U38503TJ,k__Fungi,p__Ascomycota,c__Sordariomycetes,o__Xylariales,f__Xylariaceae,g__Anthostomella,s__Anthostomella_conorum
SH483061.07FU_FJ228216_reps_singleton,k__Fungi,p__Basidiomycota,c__Agaricomycetes,o__Corticiales,f__Corticiaceae,g__Marchandiobasidium,
SH025563.07FU_KF780609_reps_singleton,k__Fungi,p__Basidiomycota,c__Tremellomycetes,o__Tremellales,f__Tremellaceae,g__Cryptococcus,
324L7140Y88004CL,k__Fungi,p__Ascomycota,c__Dothideomycetes,o__Pleosporales,f__Pleosporaceae,g__Alternaria,
737cf777e62228d9659373206134b838f675166b,k__Fungi,,,,,,
214T3660M19073SQ,k__Fungi,p__Ascomycota,c__Taphrinomycetes,o__Taphrinales,f__Protomycetaceae,g__Protomyces,s__Protomyces_inouyei
965545aca8a0f73497a6a00fbc0f1ead85dba902,k__Fungi,p__Ascomycota,c__Dothideomycetes,o__Pleosporales,f__Pleosporaceae,g__Comoclathris,s__Comoclathris_spartii
SH093135.07FU_HE861822_refs,k__Fungi,p__Ascomycota,c__Dothideomycetes,o__Pleosporales,f__Pleosporaceae,g__Curvularia,
505Y2451R19274AR,k__Fungi,p__Ascomycota,c__Sordariomycetes,o__Sordariales,f__Lasiosphaeriaceae,,
SH086146.07FU_AF444379_refs,k__Fungi,p__Basidiomycota,c__Tremellomycetes,o__Tremellales,f__Bulleribasidiaceae,g__Dioszegia,
785B4784U74117EC,k__Fungi,p__Ascomycota,c__Leotiomycetes,o__Helotiales,f__Rutstroemiaceae,g__Rutstroemia,s__Rutstroemia_capillus_albis
SH127040.07FU_HQ115714_reps,k__Fungi,p__Ascomycota,c__Dothideomycetes,o__Pleosporales,f__Sporormiaceae,g__Preussia,
109O3483Q20743NE,k__Fungi,p__Basidiomycota,c__Tremellomycetes,o__Tremellales,f__Bulleribasidiaceae,g__Vishniacozyma,s__Vishniacozyma_victoriae
742Z2771W31580SN,k__Fungi,p__Ascomycota,c__leotiomycetes,o__Helotiales,,,
b57a0b91db9db7bb339457cd1e11ebbcfb3509ad,k__Fungi,p__Basidiomycota,c__Agaricomycetes,o__Cantharellales,f__Ceratobasidiaceae,g__Ceratobasidium,
731U1409H48863YX,k__Fungi,p__Ascomycota,c__Dothideomycetes,o__Pleosporales,f__Sporormiaceae,,
335B8157W93622LO,k__Fungi,p__Ascomycota,c__Dothideomycetes,o__Pleosporales,f__Sporormiaceae,,
653a519e069d839023f79e4bc0b8f761f7633cb4,k__Fungi,p__Ascomycota,c__Dothideomycetes,o__Pleosporales,f__Pleosporaceae,g__Alternaria,
5ad13b96c14e1d5dd845d4762defe63d717900d1,k__Fungi,,,,,,
0597bb1b55c220d98ac8f4cafb34aeb88321e7e9,k__Fungi,,,,,,
e95ace63356a2de9971287fc9bcb5c0869f2931e,k__Fungi,p__Ascomycota,c__Dothideomycetes,o__Capnodiales,f__Mycosphaerellaceae,g__Mycosphaerella,s__Mycosphaerella_tassiana
81d1f053c3fe8b5edb28a4fb70c116ba872a6e99,k__Fungi,,,,,,
7f013e547297a973469a79d01c6eca39d3a49737,k__Fungi,p__Basidiomycota,c__Tremellomycetes,o__Tremellales,f__Tremellaceae,g__Tremella,
012bcc8edbcad061f2f04cecbfbc29ec0d58f090,k__Fungi,,,,,,
939L6808Q52627GJ,k__Fungi,p__Ascomycota,c__Dothideomycetes,o__Pleosporales,f__Pleosporaceae,g__Alternaria,
04b15d323ab77ea0c8f70838d928ab75eaee19b8,k__Fungi,,,,,,
SH127641.07FU_AF104443_refs,k__Fungi,p__Ascomycota,c__Eurotiomycetes,o__Eurotiales,f__Aspergillaceae,g__Aspergillus,s__Aspergillus_leporis
613K7660L23306TL,k__Fungi,p__Ascomycota,c__Arthoniomycetes,o__Lichenostigmatales,f__Phaeococcomycetaceae,g__Phaeococcomyces,
383Q9978P77527IS,k__Fungi,p__Ascomycota,c__Dothideomycetes,o__Pleosporales,f__Pleosporaceae,g__Alternaria,
946M3753G90720UU,k__Fungi,p__Basidiomycota,c__Agaricomycetes,o__Russulales,f__Peniophoraceae,g__Peniophora,
caece2adb07298f92f512c4d9e60f362e75b87bc,k__Rhizaria,p__Cercozoa,,,,,
48e173597badbb6b5155dcff1c85098434e15891,k__Fungi,p__Ascomycota,c__Dothideomycetes,o__Pleosporales,f__Sporormiaceae,g__Sparticola,s__Sparticola_forlicesenae
219J2282I23017OU,k__Fungi,p__Ascomycota,c__Sordariomycetes,o__Coniochaetales,f__Coniochaetaceae,,
157474502bb844b80e25b014389c97d10a8871ae,k__Fungi,p__Ascomycota,c__Lecanoromycetes,o__Umbilicariales,f__Umbilicariales_fam_Incertae_sedis,g__Boreoplaca,s__Boreoplaca_ultrafrigida
802N9474X15936XC,k__Fungi,p__Ascomycota,c__Dothideomycetes,o__Pleosporales,f__Sporormiaceae,g__Preussia,
SH631137.07FU_KX516026_reps_singleton,k__Fungi,p__Ascomycota,c__Dothideomycetes,o__Pleosporales,f__Didymellaceae,,
SH086149.07FU_KY449061_reps,k__Fungi,p__Basidiomycota,c__Tremellomycetes,o__Tremellales,f__Bulleribasidiaceae,g__Dioszegia,
646M4793E91097UI,k__Fungi,p__Ascomycota,c__Sordariomycetes,o__Hypocreales,,,
1620650f218fd258f651d9438a67f3bef373774f,k__Fungi,p__Ascomycota,c__Dothideomycetes,o__Pleosporales,,,
581M3480U80153IJ,k__Fungi,p__Ascomycota,c__Dothideomycetes,o__Pleosporales,f__Phaeosphaeriaceae,g__Sclerostagonospora,
9093c2e6dcde5af4d78f1c72b757fe136f71c30f,k__Fungi,p__Basidiomycota,c__Tremellomycetes,o__Cystofilobasidiales,f__Mrakiaceae,g__Udeniomyces,s__Udeniomyces_puniceus
0e008c5b47c9c9fbe55991ee7f47ab3d0e41cb2b,k__Fungi,,,,,,
78708d72fadc9caa7d6b6e725c343ef1e491ed77,k__Fungi,p__Ascomycota,c__Dothideomycetes,o__Pleosporales,,,
494N7250J23320HQ,k__Fungi,p__Ascomycota,c__Sordariomycetes,o__Coniochaetales,f__Coniochaetaceae,,
687K6007V75098CG,k__Fungi,p__Ascomycota,c__Dothideomycetes,o__Pleosporales,f__Pleosporaceae,g__Comoclathris,
81ab997bf3aa143652bac2586b65187a8d4b3b85,k__Fungi,p__Basidiomycota,c__Tremellomycetes,o__Tremellales,f__Tremellaceae,g__Tremella,
ef4c54a1e6a84c07f0c6f2462cb339e1ff600e30,k__Fungi,p__Chytridiomycota,,,,,
f6b4c396ec6160e714367409432d84bf2c2931ae,k__Fungi,p__Ascomycota,c__Lecanoromycetes,o__Umbilicariales,f__Umbilicariales_fam_Incertae_sedis,g__Boreoplaca,s__Boreoplaca_ultrafrigida
430S7968Z69131UB,k__Fungi,p__Ascomycota,c__Sordariomycetes,o__Sordariales,f__Lasiosphaeriaceae,,
8ac3df721f08826aa3a6ca078b641f817f955c9c,k__Fungi,p__Chytridiomycota,,,,,
SH016311.07FU_EU144632_reps_singleton,k__Fungi,p__Ascomycota,c__Dothideomycetes,o__Pleosporales,f__Sporormiaceae,g__Preussia,
673Z3967H67407GJ,k__Fungi,p__Ascomycota,c__Arthoniomycetes,o__Lichenostigmatales,f__Phaeococcomycetaceae,g__Phaeococcomyces,
b5b34fef995305332afeeac0ae1a6a89dd799442,k__Fungi,p__Ascomycota,,,,,
361U5182W98773DO,k__Fungi,p__Ascomycota,c__Dothideomycetes,o__Pleosporales,f__Sporormiaceae,g__Sporormiella,s__Sporormiella_megalospora
SH112120.07FU_FN397295_reps,k__Fungi,p__Ascomycota,c__Dothideomycetes,o__Pleosporales,,,
SH128472.07FU_KF206536_reps,k__Fungi,p__Olpidiomycota,c__Olpidiomycetes,o__Olpidiales,f__Olpidiaceae,g__Olpidium,
7e39d90f2517c7c73703974eff94d8aa27890dd7,k__Fungi,,,,,,
5e18f88976b076bf9172f82daf0d18d8a92edd44,k__Fungi,p__Ascomycota,c__Dothideomycetes,o__Pleosporales,f__Pleosporaceae,g__Alternaria,
517X8221U66327UA,k__Fungi,p__Ascomycota,c__Sordariomycetes,o__Sordariales,f__Lasiosphaeriaceae,,
735c8be637b8bbb8f9906d8cb60da8ce6143976b,k__Fungi,p__Chytridiomycota,,,,,
a7c2734021da47d716732f853cf7fb30b4c97857,k__Fungi,,,,,,
e5324fc20cfcde2cac9401764cf4540e9ec2fd69,k__Fungi,p__Ascomycota,c__Dothideomycetes,o__Pleosporales,f__Sporormiaceae,,
76e4b012cb74b1930e404aac4c33105ffecfc00e,k__Fungi,,,,,,
SH111303.07FU_AM901747_reps,k__Fungi,p__Basidiomycota,c__Tremellomycetes,o__Cystofilobasidiales,f__Mrakiaceae,g__Mrakia,
b612c8d562d464e8a511978e87944301ca517b59,k__Fungi,,,,,,
764C3817D75557RS,k__Fungi,p__Ascomycota,c__Dothideomycetes,o__Pleosporales,f__Melanommataceae,g__Herpotrichia,s__Herpotrichia_juniperi
655fc3497da9d860ca03a4df6c469d7400ca6344,k__Fungi,p__Ascomycota,c__Dothideomycetes,o__Pleosporales,f__Sporormiaceae,g__Preussia,
6c0617c9b713ba1931fc89c209eb1db4a1101494,k__Fungi,,,,,,
448V2303U95525PQ,k__Fungi,p__Basidiomycota,c__Agaricomycetes,,,,
SH111869.07FU_KT270271_reps,k__Fungi,p__Ascomycota,c__Sordariomycetes,o__Hypocreales,,,
4bfc4f6a9fbcde5025caee93b28ebb2bb02afb4c,k__Fungi,,,,,,
808L2047T95617WS,k__Fungi,p__Basidiomycota,c__Agaricomycetes,o__Agaricales,f__Psathyrellaceae,g__Coprinellus,
b91b69bd4c4e99f56a574cb9b5a44bc6d35712d5,k__Fungi,,,,,,
b8aafad3949189f05ffe11f5d18452da8d077f7e,k__Fungi,,,,,,
659c54bd58c99c2b7cc0306e5bad006bfa584f26,k__Fungi,p__Ascomycota,c__Dothideomycetes,o__Pleosporales,f__Pleosporaceae,g__Alternaria,
e07a4c52eb014bc88b219eeff395961d64f82ba6,k__Fungi,,,,,,
d0cb2b78a9b425dee5163023b7e117826881f3b0,k__Fungi,,,,,,
af722a85c1570d6cc7c72abdc7691aaa42f6c22c,k__Fungi,,,,,,
1d2a8c3efb69ae1a3ddbb4ee00cd29be388e9f7d,k__Fungi,,,,,,
711f2a30d6f3fabd74e5e60651bac64743b3efb7,k__Fungi,,,,,,
758471244240ee06f6baf13380ecaa49f1a02546,k__Fungi,p__Basidiomycota,c__Tremellomycetes,o__Tremellales,f__Tremellaceae,g__Cryptococcus,
SH648232.07FU_KX228250_reps,k__Fungi,p__Ascomycota,c__Dothideomycetes,o__Pleosporales,f__Pleosporales_fam_Incertae_sedis,g__Thyrostroma,s__Thyrostroma_compactum
1767dfa28de401c0bf1f89fe7876497c1809d333,k__Fungi,,,,,,
af745b9b81e86290380bec656481bc3ec407e032,k__Fungi,,,,,,
c4ac481e1867102f0d51930b8f5e6ae2abe21af5,k__Fungi,p__Ascomycota,c__Arthoniomycetes,o__Lichenostigmatales,f__Phaeococcomycetaceae,g__Phaeococcomyces,
SH019481.07FU_GQ203789_reps_singleton,k__Fungi,p__Ascomycota,c__Dothideomycetes,o__Pleosporales,f__Sporormiaceae,,
6b45c60db6e041f52befbc45b8f44efa7393ee5b,k__Fungi,,,,,,
6cd1cff23c710560762726efcc158b327022bfaa,k__Fungi,p__Ascomycota,c__Sordariomycetes,o__Sordariales,,,
e498539b8633fd469d9a74ed3e441e3cc45c1864,k__Fungi,,,,,,
52330737ac5d278c99a808278724edf9c9ec880c,k__Fungi,,,,,,
9d4a365f20b3e2b9168ba4e55695544cf3f646d8,k__Fungi,,,,,,
475V2958X88576RE,k__Fungi,p__Ascomycota,c__Dothideomycetes,o__Pleosporales,f__Didymosphaeriaceae,,
4a898602389e4024a6f6b8810f2cb89c4812e558,k__Fungi,,,,,,
09393cdd000507b426349f64359b63574dde52e5,k__Fungi,p__Ascomycota,c__Lecanoromycetes,o__Umbilicariales,f__Umbilicariales_fam_Incertae_sedis,g__Boreoplaca,s__Boreoplaca_ultrafrigida
e4425a15270bff4e654c4cd3a2b897f58fbc0ce6,k__Fungi,p__Ascomycota,c__Dothideomycetes,o__Capnodiales,f__Teratosphaeriaceae,g__Constantinomyces,s__Constantinomyces_minimus
bc50d6b1b075cccb263125ad4bb3553cd9c0b828,k__Fungi,p__Chytridiomycota,,,,,
SH107777.07FU_FJ214883_refs,k__Fungi,p__Ascomycota,c__Dothideomycetes,o__Pleosporales,f__Pleosporaceae,g__Alternaria,s__Alternaria_malorum
2e8ed1f59db0866ed05220d3105901a103f906ea,k__Fungi,,,,,,
fed7b1827fa725d9d7e01f63f5450c6373d2e58f,k__Fungi,,,,,,
b4f830e67cef7048209b0d334499e5f9d4ceba5a,k__Fungi,p__Ascomycota,c__Dothideomycetes,o__Pleosporales,f__Sporormiaceae,g__Preussia,
332b97b733eed7345c80dda70124be5609a544cf,k__Fungi,,,,,,
09eb35b5ee56fab7571cd54fbf35866f2b7da44c,k__Fungi,,,,,,
219B3621C17331ZG,k__Fungi,p__Ascomycota,c__Sordariomycetes,o__Coniochaetales,f__Coniochaetaceae,g__Coniochaeta,
657538a85e75425e9e66740318f4d7b33e16c7db,k__Fungi,,,,,,
2d053b89188720940ade2a445d2a0604c214a91b,k__Fungi,,,,,,
2e29c8219de9ca93dd58cd99ef41c62932c8b88f,k__Fungi,p__Ascomycota,c__Sordariomycetes,o__Sordariales,,,
c1f8c89facb647c1830776a0556e59435bd48b59,k__Fungi,,,,,,
943N2673B72312CW,k__Fungi,p__Ascomycota,c__Dothideomycetes,o__Dothideales,f__Aureobasidiaceae,g__Aureobasidium,s__Aureobasidium_pullulans
b28490675bb3d480775ae6d518de2244f4625d5c,k__Fungi,,,,,,
498655f59afa07f152ed078ef30c0e236042c1f1,k__Fungi,p__Ascomycota,c__leotiomycetes,o__Helotiales,,,
37f3bb59f0f23e0fa3389edec5238a61cca5fef9,k__Fungi,,,,,,
421M7218W20366UK,k__Fungi,p__Ascomycota,c__Arthoniomycetes,o__Lichenostigmatales,f__Phaeococcomycetaceae,g__Phaeococcomyces,
172M6691A58472AX,k__Fungi,p__Ascomycota,c__Dothideomycetes,o__Pleosporales,f__Sporormiaceae,,
SH006653.07FU_KU612390_reps_singleton,k__Fungi,p__Ascomycota,c__Dothideomycetes,o__Pleosporales,f__Sporormiaceae,g__Preussia,s__Preussia_fleischhakii
134I6560A15155WO,k__Fungi,p__Ascomycota,c__Dothideomycetes,o__Pleosporales,f__Pleosporaceae,g__Comoclathris,
528W9465B53174HR,k__Fungi,p__Ascomycota,c__Sordariomycetes,o__Coniochaetales,f__Coniochaetaceae,g__Coniochaeta,s__Coniochaeta_polymorpha
107B3077E53078ED,k__Fungi,p__Ascomycota,c__Dothideomycetes,o__Pleosporales,f__Pleosporaceae,g__Comoclathris,
678J3956L84941TS,k__Fungi,p__Ascomycota,c__Dothideomycetes,o__Pleosporales,f__Pleosporaceae,g__Comoclathris,
246f7e01048843bac8a6c5b8c1168c9411c3afb9,k__Fungi,,,,,,
699d4d0ef3edecba44dd64dfb0fc81c90a778031,k__Fungi,,,,,,
639F8995W59041IQ,k__Fungi,p__Ascomycota,c__Dothideomycetes,o__Pleosporales,f__Pleosporaceae,g__Comoclathris,
523Y6057F32403LO,k__Fungi,p__Basidiomycota,c__Agaricomycetes,o__Auriculariales,f__Auriculariales_fam_Incertae_sedis,g__Oliveonia,s__Oliveonia_pauxilla
983R5823S10179ID,k__Fungi,p__Ascomycota,c__Dothideomycetes,o__Pleosporales,f__Pleosporaceae,g__Comoclathris,
573Q5317R83788EU,k__Fungi,p__Ascomycota,c__Dothideomycetes,o__Pleosporales,f__Pleosporaceae,g__Alternaria,
442A8141Q24234BC,k__Fungi,p__Basidiomycota,c__Tremellomycetes,o__Tremellales,f__Bulleribasidiaceae,g__Vishniacozyma,s__Vishniacozyma_globispora
91b8c01e3c9f294f05e32f99f88ce4cb372370b1,k__Fungi,,,,,,
c09fed3e04d3e14c0ea79ee349afeba1f50d6093,k__Fungi,p__Basidiomycota,c__Tremellomycetes,o__Tremellales,,,
683P6046E14370HZ,k__Fungi,p__Basidiomycota,c__Agaricomycetes,o__Agaricales,f__Bolbitiaceae,g__Agrocybe,
b393ee667e85847278182233033c4d8272e771f4,k__Fungi,,,,,,
376B1586X37451ZT,k__Fungi,p__Ascomycota,c__Dothideomycetes,o__Pleosporales,f__Pleosporaceae,g__Comoclathris,
d07b3354c9a68e88043cc21cb012515df18f97af,k__Fungi,p__Basidiomycota,c__Agaricomycetes,o__Geastrales,f__Geastraceae,g__Geastrum,
117X1698B58553MK,k__Fungi,p__Ascomycota,c__Dothideomycetes,o__Capnodiales,f__Teratosphaeriaceae,g__Constantinomyces,s__Constantinomyces_minimus
36a64ec183f52c246fe2d15d8c4c568d35901b27,k__Fungi,p__Basidiomycota,c__Tremellomycetes,o__Tremellales,,,
6b287bd23d2115574ac119392e6b840adcfca85b,k__Fungi,,,,,,
216H6640V94988GT,k__Fungi,p__Ascomycota,c__Dothideomycetes,o__Pleosporales,f__Pleosporaceae,g__Alternaria,
a18b749c32061b4f70f172a9e4ce13d20d3586f4,k__Fungi,,,,,,
SH122540.07FU_HF947040_reps,k__Fungi,p__Ascomycota,c__Sordariomycetes,o__Sordariales,f__Lasiosphaeriaceae,g__Podospora,
a09c8527171d61f49e4ba4c4a9178fa24f175e43,k__Fungi,,,,,,
659fe74748b8eb140b3908a4bdf57843160c0e9d,k__Fungi,,,,,,
0a66311c07ef91341e0a66d28411ca7f0a3e725e,k__Fungi,p__Basidiomycota,c__Tremellomycetes,o__Tremellales,f__Tremellaceae,g__Cryptococcus,
975L9042I83119JM,k__Fungi,p__Ascomycota,c__Sordariomycetes,o__Xylariales,f__Xylariaceae,,
SH120600.07FU_FN691446_refs,k__Fungi,p__Ascomycota,c__Sordariomycetes,o__Hypocreales,f__Hypocreales_fam_Incertae_sedis,g__Sarocladium,s__Sarocladium_kiliense
1476e9114ffe7055dccb85642dd873569eea54ee,k__Fungi,,,,,,
f52966b88ff6d3b8fa7977d7141557c3e3efaaaa,k__Fungi,p__Ascomycota,c__Dothideomycetes,o__Pleosporales,f__Pleosporaceae,g__Alternaria,s__alternaria_chlamydosporigena
908G6738Y31004KI,k__Fungi,p__Ascomycota,c__Dothideomycetes,o__Pleosporales,f__Sporormiaceae,g__Preussia,
162N4689M35758XT,k__Fungi,p__Basidiomycota,c__Agaricomycetes,o__Auriculariales,,,
4d72d59a5f3704ec7c0967bda9c33157a8bb729b,k__Fungi,,,,,,
5e095295417aa105f4a6be408d5801fc85e0c3aa,k__Fungi,p__Basidiomycota,c__Tremellomycetes,o__Tremellales,f__Bulleribasidiaceae,g__Vishniacozyma,s__Vishniacozyma_globispora
beaf60335a6061fe01e501ce44b2f1cf19076289,k__Fungi,p__Basidiomycota,c__Agaricomycetes,o__Corticiales,f__Corticiaceae,,
990B5629Q22919ID,k__Fungi,p__Ascomycota,c__Dothideomycetes,o__Pleosporales,,,
cfb73e891cfd7e65a39b74a6fbe1b303f1444c09,k__Fungi,p__Ascomycota,c__Dothideomycetes,o__Pleosporales,f__Pleosporaceae,g__Alternaria,
419360f9efde7a774c2c9a215a454100dd179905,k__Fungi,,,,,,
654X2041M68185CO,k__Fungi,p__Ascomycota,c__Dothideomycetes,o__Pleosporales,f__Didymosphaeriaceae,,
f8313507bda7a0a6e55fd59dc06b838612b13161,k__Fungi,,,,,,
396R4481O65137YW,k__Fungi,p__Ascomycota,c__Leotiomycetes,o__Helotiales,f__Rutstroemiaceae,g__Rutstroemia,s__Rutstroemia_capillus_albis
5147aae244ef2e93214cdae34c536d623f8a5048,k__Fungi,,,,,,
78f12df8254d603d1efa340b64962fa613774820,k__Fungi,,,,,,
2633bf2dc5982a1b6ef380d4558904760f11d712,k__Fungi,p__Basidiomycota,c__Tremellomycetes,o__Filobasidiales,f__Filobasidiaceae,g__Naganishia,s__Naganishia_friedmannii
2429d2bf494a0a726dfe5840bd9a9a6b7c4036e6,k__Fungi,p__Ascomycota,c__Dothideomycetes,o__Pleosporales,,,
668N4263F30506XM,k__Fungi,p__Ascomycota,c__Dothideomycetes,o__Pleosporales,f__Lophiostomataceae,g__Lophiostoma,s__Lophiostoma_multiseptatum
1d1cefd942a88b934a4d10a1405967c0521fcbb8,k__Fungi,p__Basidiomycota,c__Tremellomycetes,o__Tremellales,,,
9858a55c8dd6c63f7261ca5e3dadd4a007193fe0,k__Rhizaria,p__Cercozoa,,,,,
490X1886D28454LM,k__Fungi,p__Ascomycota,c__Sordariomycetes,o__Sordariales,,,
1007380f6c2b117435e4ad59a2dec098c535e64f,k__Fungi,,,,,,
SH128471.07FU_JF439194_reps,k__Fungi,p__Olpidiomycota,c__Olpidiomycetes,o__Olpidiales,f__Olpidiaceae,g__Olpidium,
4a65dc7bd103fec917827b532acaa998c3bb558a,k__Fungi,p__Ascomycota,c__Lecanoromycetes,o__Umbilicariales,f__Umbilicariales_fam_Incertae_sedis,g__Boreoplaca,s__Boreoplaca_ultrafrigida
5a129006a814900f2a16e1b9973af9ab840e3ccd,k__Fungi,p__Basidiomycota,c__Tremellomycetes,o__Tremellales,,,
eaa10efbec1d866e6b13fc7d9a10e451f158dc2d,Unassigned,,,,,,
756X2086E54572OB,k__Fungi,p__Ascomycota,c__Dothideomycetes,o__Pleosporales,,,
80f71626fad39943c040d30f237fbd4936efad69,k__Fungi,,,,,,
993R4637C27067XG,k__Fungi,p__Ascomycota,c__Dothideomycetes,o__Pleosporales,f__Lentitheciaceae,g__Keissleriella,
83073d2710d675563a882d20ca2d25d85dd3230c,k__Fungi,,,,,,
c37733a6c717d4512a448a6b10f9887166286fa0,k__Fungi,,,,,,
903Y4804P24349RI,k__Fungi,p__Ascomycota,c__Leotiomycetes,o__Helotiales,f__Rutstroemiaceae,g__Rutstroemia,s__Rutstroemia_capillus_albis
ec41f220b685aac107aa33b0ec00d1b4cbf41a27,k__Fungi,p__Ascomycota,c__Dothideomycetes,o__Botryosphaeriales,f__Planistromellaceae,g__Ramimonilia,s__Ramimonilia_apicalis
b72483971aef2f5043ecd2f55810a9e2fa00c51d,k__Fungi,p__Ascomycota,c__Dothideomycetes,o__Pleosporales,f__Pleosporaceae,g__Alternaria,
533E3486X41008KI,k__Fungi,p__Ascomycota,c__Dothideomycetes,o__Pleosporales,f__Sporormiaceae,,
188a54048c7e2aac4b4fad3e54edf0c5d6bd842b,k__Fungi,p__Ascomycota,c__Dothideomycetes,o__Pleosporales,f__Phaeosphaeriaceae,,
32b5010107b0718021cc46accc1589634eae5b4b,k__Fungi,,,,,,
591K3940X19843KJ,k__Fungi,p__Ascomycota,c__Dothideomycetes,o__Pleosporales,f__Didymosphaeriaceae,,
e7469fa6359159b2cc27dd5c65fdb7214112aabe,k__Fungi,p__Olpidiomycota,c__Olpidiomycetes,o__Olpidiales,f__Olpidiaceae,g__Olpidium,s__Olpidium_brassicae
7fb7818c6e09ce6b8d9c4d3587cb922765856722,k__Fungi,,,,,,
825bc31c63c6e9e96c0f5911dfc16d151aa82e41,k__Fungi,p__Ascomycota,c__Dothideomycetes,o__Botryosphaeriales,f__Planistromellaceae,g__Ramimonilia,s__Ramimonilia_apicalis
217G8324B93760RQ,k__Fungi,p__Ascomycota,c__Dothideomycetes,o__Pleosporales,f__Didymosphaeriaceae,,